[2026-09-24 22:22:12] production.ERROR: file_get_contents(/Users/raphaellouisgabion/Documents/Attendance/Attendance/ccis-attendance-merged/.env): Failed to open stream: No such file or directory {"exception":"[object] (ErrorException(code: 0): file_get_contents(/Users/raphaellouisgabion/Documents/Attendance/Attendance/ccis-attendance-merged/.env): Failed to open stream: No such file or directory at /Users/raphaellouisgabion/Documents/Attendance/Attendance/ccis-attendance-merged/vendor/laravel/framework/src/Illuminate/Foundation/Console/KeyGenerateCommand.php:105)
[stacktrace]
#0 /Users/raphaellouisgabion/Documents/Attendance/Attendance/ccis-attendance-merged/vendor/laravel/framework/src/Illuminate/Foundation/Bootstrap/HandleExceptions.php(263): Illuminate\\Foundation\\Bootstrap\\HandleExceptions->handleError(2, 'file_get_conten...', '/Users/raphaell...', 105)
#1 [internal function]: Illuminate\\Foundation\\Bootstrap\\HandleExceptions->{closure:Illuminate\\Foundation\\Bootstrap\\HandleExceptions::forwardsTo():262}(2, 'file_get_conten...', '/Users/raphaell...', 105)
#2 /Users/raphaellouisgabion/Documents/Attendance/Attendance/ccis-attendance-merged/vendor/laravel/framework/src/Illuminate/Foundation/Console/KeyGenerateCommand.php(105): file_get_contents('/Users/raphaell...')
#3 /Users/raphaellouisgabion/Documents/Attendance/Attendance/ccis-attendance-merged/vendor/laravel/framework/src/Illuminate/Foundation/Console/KeyGenerateCommand.php(87): Illuminate\\Foundation\\Console\\KeyGenerateCommand->writeNewEnvironmentFileWith('base64:dyFEJmAl...')
#4 /Users/raphaellouisgabion/Documents/Attendance/Attendance/ccis-attendance-merged/vendor/laravel/framework/src/Illuminate/Foundation/Console/KeyGenerateCommand.php(52): Illuminate\\Foundation\\Console\\KeyGenerateCommand->setKeyInEnvironmentFile('base64:dyFEJmAl...')
#5 /Users/raphaellouisgabion/Documents/Attendance/Attendance/ccis-attendance-merged/vendor/laravel/framework/src/Illuminate/Container/BoundMethod.php(36): Illuminate\\Foundation\\Console\\KeyGenerateCommand->handle()
#6 /Users/raphaellouisgabion/Documents/Attendance/Attendance/ccis-attendance-merged/vendor/laravel/framework/src/Illuminate/Container/Util.php(43): Illuminate\\Container\\BoundMethod::{closure:Illuminate\\Container\\BoundMethod::call():35}()
#7 /Users/raphaellouisgabion/Documents/Attendance/Attendance/ccis-attendance-merged/vendor/laravel/framework/src/Illuminate/Container/BoundMethod.php(96): Illuminate\\Container\\Util::unwrapIfClosure(Object(Closure))
#8 /Users/raphaellouisgabion/Documents/Attendance/Attendance/ccis-attendance-merged/vendor/laravel/framework/src/Illuminate/Container/BoundMethod.php(35): Illuminate\\Container\\BoundMethod::callBoundMethod(Object(Illuminate\\Foundation\\Application), Array, Object(Closure))
#9 /Users/raphaellouisgabion/Documents/Attendance/Attendance/ccis-attendance-merged/vendor/laravel/framework/src/Illuminate/Container/Container.php(803): Illuminate\\Container\\BoundMethod::call(Object(Illuminate\\Foundation\\Application), Array, Array, NULL)
#10 /Users/raphaellouisgabion/Documents/Attendance/Attendance/ccis-attendance-merged/vendor/laravel/framework/src/Illuminate/Console/Command.php(292): Illuminate\\Container\\Container->call(Array)
#11 /Users/raphaellouisgabion/Documents/Attendance/Attendance/ccis-attendance-merged/vendor/symfony/console/Command/Command.php(341): Illuminate\\Console\\Command->execute(Object(Symfony\\Component\\Console\\Input\\ArgvInput), Object(Illuminate\\Console\\OutputStyle))
#12 /Users/raphaellouisgabion/Documents/Attendance/Attendance/ccis-attendance-merged/vendor/laravel/framework/src/Illuminate/Console/Command.php(261): Symfony\\Component\\Console\\Command\\Command->run(Object(Symfony\\Component\\Console\\Input\\ArgvInput), Object(Illuminate\\Console\\OutputStyle))
#13 /Users/raphaellouisgabion/Documents/Attendance/Attendance/ccis-attendance-merged/vendor/symfony/console/Application.php(1117): Illuminate\\Console\\Command->run(Object(Symfony\\Component\\Console\\Input\\ArgvInput), Object(Symfony\\Component\\Console\\Output\\ConsoleOutput))
#14 /Users/raphaellouisgabion/Documents/Attendance/Attendance/ccis-attendance-merged/vendor/symfony/console/Application.php(356): Symfony\\Component\\Console\\Application->doRunCommand(Object(Illuminate\\Foundation\\Console\\KeyGenerateCommand), Object(Symfony\\Component\\Console\\Input\\ArgvInput), Object(Symfony\\Component\\Console\\Output\\ConsoleOutput))
#15 /Users/raphaellouisgabion/Documents/Attendance/Attendance/ccis-attendance-merged/vendor/symfony/console/Application.php(195): Symfony\\Component\\Console\\Application->doRun(Object(Symfony\\Component\\Console\\Input\\ArgvInput), Object(Symfony\\Component\\Console\\Output\\ConsoleOutput))
#16 /Users/raphaellouisgabion/Documents/Attendance/Attendance/ccis-attendance-merged/vendor/laravel/framework/src/Illuminate/Foundation/Console/Kernel.php(198): Symfony\\Component\\Console\\Application->run(Object(Symfony\\Component\\Console\\Input\\ArgvInput), Object(Symfony\\Component\\Console\\Output\\ConsoleOutput))
#17 /Users/raphaellouisgabion/Documents/Attendance/Attendance/ccis-attendance-merged/vendor/laravel/framework/src/Illuminate/Foundation/Application.php(1242): Illuminate\\Foundation\\Console\\Kernel->handle(Object(Symfony\\Component\\Console\\Input\\ArgvInput), Object(Symfony\\Component\\Console\\Output\\ConsoleOutput))
#18 /Users/raphaellouisgabion/Documents/Attendance/Attendance/ccis-attendance-merged/artisan(16): Illuminate\\Foundation\\Application->handleCommand(Object(Symfony\\Component\\Console\\Input\\ArgvInput))
#19 {main}
"} 
[2026-09-24 22:29:41] local.ERROR: Command "key:genertae" is not defined.

Did you mean one of these?
    key:generate
    wayfinder:generate {"exception":"[object] (Symfony\\Component\\Console\\Exception\\CommandNotFoundException(code: 0): Command \"key:genertae\" is not defined.

Did you mean one of these?
    key:generate
    wayfinder:generate at /Users/raphaellouisgabion/Documents/Attendance/Attendance/ccis-attendance-merged/vendor/symfony/console/Application.php:759)
[stacktrace]
#0 /Users/raphaellouisgabion/Documents/Attendance/Attendance/ccis-attendance-merged/vendor/symfony/console/Application.php(298): Symfony\\Component\\Console\\Application->find('key:genertae')
#1 /Users/raphaellouisgabion/Documents/Attendance/Attendance/ccis-attendance-merged/vendor/symfony/console/Application.php(195): Symfony\\Component\\Console\\Application->doRun(Object(Symfony\\Component\\Console\\Input\\ArgvInput), Object(Symfony\\Component\\Console\\Output\\ConsoleOutput))
#2 /Users/raphaellouisgabion/Documents/Attendance/Attendance/ccis-attendance-merged/vendor/laravel/framework/src/Illuminate/Foundation/Console/Kernel.php(198): Symfony\\Component\\Console\\Application->run(Object(Symfony\\Component\\Console\\Input\\ArgvInput), Object(Symfony\\Component\\Console\\Output\\ConsoleOutput))
#3 /Users/raphaellouisgabion/Documents/Attendance/Attendance/ccis-attendance-merged/vendor/laravel/framework/src/Illuminate/Foundation/Application.php(1242): Illuminate\\Foundation\\Console\\Kernel->handle(Object(Symfony\\Component\\Console\\Input\\ArgvInput), Object(Symfony\\Component\\Console\\Output\\ConsoleOutput))
#4 /Users/raphaellouisgabion/Documents/Attendance/Attendance/ccis-attendance-merged/artisan(16): Illuminate\\Foundation\\Application->handleCommand(Object(Symfony\\Component\\Console\\Input\\ArgvInput))
#5 {main}
"} 
[2026-09-24 22:29:50] local.ERROR: View path not found. {"exception":"[object] (RuntimeException(code: 0): View path not found. at /Users/raphaellouisgabion/Documents/Attendance/Attendance/ccis-attendance-merged/vendor/laravel/framework/src/Illuminate/Foundation/Console/ViewClearCommand.php:58)
[stacktrace]
#0 /Users/raphaellouisgabion/Documents/Attendance/Attendance/ccis-attendance-merged/vendor/laravel/framework/src/Illuminate/Container/BoundMethod.php(36): Illuminate\\Foundation\\Console\\ViewClearCommand->handle()
#1 /Users/raphaellouisgabion/Documents/Attendance/Attendance/ccis-attendance-merged/vendor/laravel/framework/src/Illuminate/Container/Util.php(43): Illuminate\\Container\\BoundMethod::{closure:Illuminate\\Container\\BoundMethod::call():35}()
#2 /Users/raphaellouisgabion/Documents/Attendance/Attendance/ccis-attendance-merged/vendor/laravel/framework/src/Illuminate/Container/BoundMethod.php(96): Illuminate\\Container\\Util::unwrapIfClosure(Object(Closure))
#3 /Users/raphaellouisgabion/Documents/Attendance/Attendance/ccis-attendance-merged/vendor/laravel/framework/src/Illuminate/Container/BoundMethod.php(35): Illuminate\\Container\\BoundMethod::callBoundMethod(Object(Illuminate\\Foundation\\Application), Array, Object(Closure))
#4 /Users/raphaellouisgabion/Documents/Attendance/Attendance/ccis-attendance-merged/vendor/laravel/framework/src/Illuminate/Container/Container.php(803): Illuminate\\Container\\BoundMethod::call(Object(Illuminate\\Foundation\\Application), Array, Array, NULL)
#5 /Users/raphaellouisgabion/Documents/Attendance/Attendance/ccis-attendance-merged/vendor/laravel/framework/src/Illuminate/Console/Command.php(292): Illuminate\\Container\\Container->call(Array)
#6 /Users/raphaellouisgabion/Documents/Attendance/Attendance/ccis-attendance-merged/vendor/symfony/console/Command/Command.php(341): Illuminate\\Console\\Command->execute(Object(Symfony\\Component\\Console\\Input\\ArrayInput), Object(Illuminate\\Console\\OutputStyle))
#7 /Users/raphaellouisgabion/Documents/Attendance/Attendance/ccis-attendance-merged/vendor/laravel/framework/src/Illuminate/Console/Command.php(261): Symfony\\Component\\Console\\Command\\Command->run(Object(Symfony\\Component\\Console\\Input\\ArrayInput), Object(Illuminate\\Console\\OutputStyle))
#8 /Users/raphaellouisgabion/Documents/Attendance/Attendance/ccis-attendance-merged/vendor/laravel/framework/src/Illuminate/Console/Concerns/CallsCommands.php(68): Illuminate\\Console\\Command->run(Object(Symfony\\Component\\Console\\Input\\ArrayInput), Object(Symfony\\Component\\Console\\Output\\NullOutput))
#9 /Users/raphaellouisgabion/Documents/Attendance/Attendance/ccis-attendance-merged/vendor/laravel/framework/src/Illuminate/Console/Concerns/CallsCommands.php(41): Illuminate\\Console\\Command->runCommand('view:clear', Array, Object(Symfony\\Component\\Console\\Output\\NullOutput))
#10 /Users/raphaellouisgabion/Documents/Attendance/Attendance/ccis-attendance-merged/vendor/laravel/framework/src/Illuminate/Console/Concerns/CallsCommands.php(53): Illuminate\\Console\\Command->callSilent('view:clear', Array)
#11 /Users/raphaellouisgabion/Documents/Attendance/Attendance/ccis-attendance-merged/vendor/laravel/framework/src/Illuminate/Foundation/Console/OptimizeClearCommand.php(48): Illuminate\\Console\\Command->callSilently('view:clear')
#12 /Users/raphaellouisgabion/Documents/Attendance/Attendance/ccis-attendance-merged/vendor/laravel/framework/src/Illuminate/Console/View/Components/Task.php(43): Illuminate\\Foundation\\Console\\OptimizeClearCommand->{closure:Illuminate\\Foundation\\Console\\OptimizeClearCommand::handle():48}()
#13 /Users/raphaellouisgabion/Documents/Attendance/Attendance/ccis-attendance-merged/vendor/laravel/framework/src/Illuminate/Console/View/Components/Factory.php(61): Illuminate\\Console\\View\\Components\\Task->render('views', Object(Closure))
#14 /Users/raphaellouisgabion/Documents/Attendance/Attendance/ccis-attendance-merged/vendor/laravel/framework/src/Illuminate/Foundation/Console/OptimizeClearCommand.php(48): Illuminate\\Console\\View\\Components\\Factory->__call('task', Array)
#15 /Users/raphaellouisgabion/Documents/Attendance/Attendance/ccis-attendance-merged/vendor/laravel/framework/src/Illuminate/Container/BoundMethod.php(36): Illuminate\\Foundation\\Console\\OptimizeClearCommand->handle()
#16 /Users/raphaellouisgabion/Documents/Attendance/Attendance/ccis-attendance-merged/vendor/laravel/framework/src/Illuminate/Container/Util.php(43): Illuminate\\Container\\BoundMethod::{closure:Illuminate\\Container\\BoundMethod::call():35}()
#17 /Users/raphaellouisgabion/Documents/Attendance/Attendance/ccis-attendance-merged/vendor/laravel/framework/src/Illuminate/Container/BoundMethod.php(96): Illuminate\\Container\\Util::unwrapIfClosure(Object(Closure))
#18 /Users/raphaellouisgabion/Documents/Attendance/Attendance/ccis-attendance-merged/vendor/laravel/framework/src/Illuminate/Container/BoundMethod.php(35): Illuminate\\Container\\BoundMethod::callBoundMethod(Object(Illuminate\\Foundation\\Application), Array, Object(Closure))
#19 /Users/raphaellouisgabion/Documents/Attendance/Attendance/ccis-attendance-merged/vendor/laravel/framework/src/Illuminate/Container/Container.php(803): Illuminate\\Container\\BoundMethod::call(Object(Illuminate\\Foundation\\Application), Array, Array, NULL)
#20 /Users/raphaellouisgabion/Documents/Attendance/Attendance/ccis-attendance-merged/vendor/laravel/framework/src/Illuminate/Console/Command.php(292): Illuminate\\Container\\Container->call(Array)
#21 /Users/raphaellouisgabion/Documents/Attendance/Attendance/ccis-attendance-merged/vendor/symfony/console/Command/Command.php(341): Illuminate\\Console\\Command->execute(Object(Symfony\\Component\\Console\\Input\\ArgvInput), Object(Illuminate\\Console\\OutputStyle))
#22 /Users/raphaellouisgabion/Documents/Attendance/Attendance/ccis-attendance-merged/vendor/laravel/framework/src/Illuminate/Console/Command.php(261): Symfony\\Component\\Console\\Command\\Command->run(Object(Symfony\\Component\\Console\\Input\\ArgvInput), Object(Illuminate\\Console\\OutputStyle))
#23 /Users/raphaellouisgabion/Documents/Attendance/Attendance/ccis-attendance-merged/vendor/symfony/console/Application.php(1117): Illuminate\\Console\\Command->run(Object(Symfony\\Component\\Console\\Input\\ArgvInput), Object(Symfony\\Component\\Console\\Output\\ConsoleOutput))
#24 /Users/raphaellouisgabion/Documents/Attendance/Attendance/ccis-attendance-merged/vendor/symfony/console/Application.php(356): Symfony\\Component\\Console\\Application->doRunCommand(Object(Illuminate\\Foundation\\Console\\OptimizeClearCommand), Object(Symfony\\Component\\Console\\Input\\ArgvInput), Object(Symfony\\Component\\Console\\Output\\ConsoleOutput))
#25 /Users/raphaellouisgabion/Documents/Attendance/Attendance/ccis-attendance-merged/vendor/symfony/console/Application.php(195): Symfony\\Component\\Console\\Application->doRun(Object(Symfony\\Component\\Console\\Input\\ArgvInput), Object(Symfony\\Component\\Console\\Output\\ConsoleOutput))
#26 /Users/raphaellouisgabion/Documents/Attendance/Attendance/ccis-attendance-merged/vendor/laravel/framework/src/Illuminate/Foundation/Console/Kernel.php(198): Symfony\\Component\\Console\\Application->run(Object(Symfony\\Component\\Console\\Input\\ArgvInput), Object(Symfony\\Component\\Console\\Output\\ConsoleOutput))
#27 /Users/raphaellouisgabion/Documents/Attendance/Attendance/ccis-attendance-merged/vendor/laravel/framework/src/Illuminate/Foundation/Application.php(1242): Illuminate\\Foundation\\Console\\Kernel->handle(Object(Symfony\\Component\\Console\\Input\\ArgvInput), Object(Symfony\\Component\\Console\\Output\\ConsoleOutput))
#28 /Users/raphaellouisgabion/Documents/Attendance/Attendance/ccis-attendance-merged/artisan(16): Illuminate\\Foundation\\Application->handleCommand(Object(Symfony\\Component\\Console\\Input\\ArgvInput))
#29 {main}
"} 
[2026-09-24 22:40:13] local.ERROR: SQLSTATE[42S02]: Base table or view not found: 1146 Table 'ccis_attendance_system.cache' doesn't exist (Connection: mysql, Host: 127.0.0.1, Port: 3306, Database: ccis_attendance_system, SQL: delete from `cache`) {"exception":"[object] (Illuminate\\Database\\QueryException(code: 42S02): SQLSTATE[42S02]: Base table or view not found: 1146 Table 'ccis_attendance_system.cache' doesn't exist (Connection: mysql, Host: 127.0.0.1, Port: 3306, Database: ccis_attendance_system, SQL: delete from `cache`) at /Users/raphaellouisgabion/Documents/Attendance/Attendance/ccis-attendance-merged/vendor/laravel/framework/src/Illuminate/Database/Connection.php:857)
[stacktrace]
#0 /Users/raphaellouisgabion/Documents/Attendance/Attendance/ccis-attendance-merged/vendor/laravel/framework/src/Illuminate/Database/Connection.php(813): Illuminate\\Database\\Connection->runQueryCallback('delete from `ca...', Array, Object(Closure))
#1 /Users/raphaellouisgabion/Documents/Attendance/Attendance/ccis-attendance-merged/vendor/laravel/framework/src/Illuminate/Database/Connection.php(614): Illuminate\\Database\\Connection->run('delete from `ca...', Array, Object(Closure))
#2 /Users/raphaellouisgabion/Documents/Attendance/Attendance/ccis-attendance-merged/vendor/laravel/framework/src/Illuminate/Database/Connection.php(578): Illuminate\\Database\\Connection->affectingStatement('delete from `ca...', Array)
#3 /Users/raphaellouisgabion/Documents/Attendance/Attendance/ccis-attendance-merged/vendor/laravel/framework/src/Illuminate/Database/Query/Builder.php(4576): Illuminate\\Database\\Connection->delete('delete from `ca...', Array)
#4 /Users/raphaellouisgabion/Documents/Attendance/Attendance/ccis-attendance-merged/vendor/laravel/framework/src/Illuminate/Cache/DatabaseStore.php(450): Illuminate\\Database\\Query\\Builder->delete()
#5 /Users/raphaellouisgabion/Documents/Attendance/Attendance/ccis-attendance-merged/vendor/laravel/framework/src/Illuminate/Cache/Repository.php(1086): Illuminate\\Cache\\DatabaseStore->flush()
#6 /Users/raphaellouisgabion/Documents/Attendance/Attendance/ccis-attendance-merged/vendor/laravel/framework/src/Illuminate/Cache/Console/ClearCommand.php(81): Illuminate\\Cache\\Repository->__call('flush', Array)
#7 /Users/raphaellouisgabion/Documents/Attendance/Attendance/ccis-attendance-merged/vendor/laravel/framework/src/Illuminate/Container/BoundMethod.php(36): Illuminate\\Cache\\Console\\ClearCommand->handle()
#8 /Users/raphaellouisgabion/Documents/Attendance/Attendance/ccis-attendance-merged/vendor/laravel/framework/src/Illuminate/Container/Util.php(43): Illuminate\\Container\\BoundMethod::{closure:Illuminate\\Container\\BoundMethod::call():35}()
#9 /Users/raphaellouisgabion/Documents/Attendance/Attendance/ccis-attendance-merged/vendor/laravel/framework/src/Illuminate/Container/BoundMethod.php(96): Illuminate\\Container\\Util::unwrapIfClosure(Object(Closure))
#10 /Users/raphaellouisgabion/Documents/Attendance/Attendance/ccis-attendance-merged/vendor/laravel/framework/src/Illuminate/Container/BoundMethod.php(35): Illuminate\\Container\\BoundMethod::callBoundMethod(Object(Illuminate\\Foundation\\Application), Array, Object(Closure))
#11 /Users/raphaellouisgabion/Documents/Attendance/Attendance/ccis-attendance-merged/vendor/laravel/framework/src/Illuminate/Container/Container.php(803): Illuminate\\Container\\BoundMethod::call(Object(Illuminate\\Foundation\\Application), Array, Array, NULL)
#12 /Users/raphaellouisgabion/Documents/Attendance/Attendance/ccis-attendance-merged/vendor/laravel/framework/src/Illuminate/Console/Command.php(292): Illuminate\\Container\\Container->call(Array)
#13 /Users/raphaellouisgabion/Documents/Attendance/Attendance/ccis-attendance-merged/vendor/symfony/console/Command/Command.php(341): Illuminate\\Console\\Command->execute(Object(Symfony\\Component\\Console\\Input\\ArrayInput), Object(Illuminate\\Console\\OutputStyle))
#14 /Users/raphaellouisgabion/Documents/Attendance/Attendance/ccis-attendance-merged/vendor/laravel/framework/src/Illuminate/Console/Command.php(261): Symfony\\Component\\Console\\Command\\Command->run(Object(Symfony\\Component\\Console\\Input\\ArrayInput), Object(Illuminate\\Console\\OutputStyle))
#15 /Users/raphaellouisgabion/Documents/Attendance/Attendance/ccis-attendance-merged/vendor/laravel/framework/src/Illuminate/Console/Concerns/CallsCommands.php(68): Illuminate\\Console\\Command->run(Object(Symfony\\Component\\Console\\Input\\ArrayInput), Object(Symfony\\Component\\Console\\Output\\NullOutput))
#16 /Users/raphaellouisgabion/Documents/Attendance/Attendance/ccis-attendance-merged/vendor/laravel/framework/src/Illuminate/Console/Concerns/CallsCommands.php(41): Illuminate\\Console\\Command->runCommand('cache:clear', Array, Object(Symfony\\Component\\Console\\Output\\NullOutput))
#17 /Users/raphaellouisgabion/Documents/Attendance/Attendance/ccis-attendance-merged/vendor/laravel/framework/src/Illuminate/Console/Concerns/CallsCommands.php(53): Illuminate\\Console\\Command->callSilent('cache:clear', Array)
#18 /Users/raphaellouisgabion/Documents/Attendance/Attendance/ccis-attendance-merged/vendor/laravel/framework/src/Illuminate/Foundation/Console/OptimizeClearCommand.php(48): Illuminate\\Console\\Command->callSilently('cache:clear')
#19 /Users/raphaellouisgabion/Documents/Attendance/Attendance/ccis-attendance-merged/vendor/laravel/framework/src/Illuminate/Console/View/Components/Task.php(43): Illuminate\\Foundation\\Console\\OptimizeClearCommand->{closure:Illuminate\\Foundation\\Console\\OptimizeClearCommand::handle():48}()
#20 /Users/raphaellouisgabion/Documents/Attendance/Attendance/ccis-attendance-merged/vendor/laravel/framework/src/Illuminate/Console/View/Components/Factory.php(61): Illuminate\\Console\\View\\Components\\Task->render('cache', Object(Closure))
#21 /Users/raphaellouisgabion/Documents/Attendance/Attendance/ccis-attendance-merged/vendor/laravel/framework/src/Illuminate/Foundation/Console/OptimizeClearCommand.php(48): Illuminate\\Console\\View\\Components\\Factory->__call('task', Array)
#22 /Users/raphaellouisgabion/Documents/Attendance/Attendance/ccis-attendance-merged/vendor/laravel/framework/src/Illuminate/Container/BoundMethod.php(36): Illuminate\\Foundation\\Console\\OptimizeClearCommand->handle()
#23 /Users/raphaellouisgabion/Documents/Attendance/Attendance/ccis-attendance-merged/vendor/laravel/framework/src/Illuminate/Container/Util.php(43): Illuminate\\Container\\BoundMethod::{closure:Illuminate\\Container\\BoundMethod::call():35}()
#24 /Users/raphaellouisgabion/Documents/Attendance/Attendance/ccis-attendance-merged/vendor/laravel/framework/src/Illuminate/Container/BoundMethod.php(96): Illuminate\\Container\\Util::unwrapIfClosure(Object(Closure))
#25 /Users/raphaellouisgabion/Documents/Attendance/Attendance/ccis-attendance-merged/vendor/laravel/framework/src/Illuminate/Container/BoundMethod.php(35): Illuminate\\Container\\BoundMethod::callBoundMethod(Object(Illuminate\\Foundation\\Application), Array, Object(Closure))
#26 /Users/raphaellouisgabion/Documents/Attendance/Attendance/ccis-attendance-merged/vendor/laravel/framework/src/Illuminate/Container/Container.php(803): Illuminate\\Container\\BoundMethod::call(Object(Illuminate\\Foundation\\Application), Array, Array, NULL)
#27 /Users/raphaellouisgabion/Documents/Attendance/Attendance/ccis-attendance-merged/vendor/laravel/framework/src/Illuminate/Console/Command.php(292): Illuminate\\Container\\Container->call(Array)
#28 /Users/raphaellouisgabion/Documents/Attendance/Attendance/ccis-attendance-merged/vendor/symfony/console/Command/Command.php(341): Illuminate\\Console\\Command->execute(Object(Symfony\\Component\\Console\\Input\\ArgvInput), Object(Illuminate\\Console\\OutputStyle))
#29 /Users/raphaellouisgabion/Documents/Attendance/Attendance/ccis-attendance-merged/vendor/laravel/framework/src/Illuminate/Console/Command.php(261): Symfony\\Component\\Console\\Command\\Command->run(Object(Symfony\\Component\\Console\\Input\\ArgvInput), Object(Illuminate\\Console\\OutputStyle))
#30 /Users/raphaellouisgabion/Documents/Attendance/Attendance/ccis-attendance-merged/vendor/symfony/console/Application.php(1117): Illuminate\\Console\\Command->run(Object(Symfony\\Component\\Console\\Input\\ArgvInput), Object(Symfony\\Component\\Console\\Output\\ConsoleOutput))
#31 /Users/raphaellouisgabion/Documents/Attendance/Attendance/ccis-attendance-merged/vendor/symfony/console/Application.php(356): Symfony\\Component\\Console\\Application->doRunCommand(Object(Illuminate\\Foundation\\Console\\OptimizeClearCommand), Object(Symfony\\Component\\Console\\Input\\ArgvInput), Object(Symfony\\Component\\Console\\Output\\ConsoleOutput))
#32 /Users/raphaellouisgabion/Documents/Attendance/Attendance/ccis-attendance-merged/vendor/symfony/console/Application.php(195): Symfony\\Component\\Console\\Application->doRun(Object(Symfony\\Component\\Console\\Input\\ArgvInput), Object(Symfony\\Component\\Console\\Output\\ConsoleOutput))
#33 /Users/raphaellouisgabion/Documents/Attendance/Attendance/ccis-attendance-merged/vendor/laravel/framework/src/Illuminate/Foundation/Console/Kernel.php(198): Symfony\\Component\\Console\\Application->run(Object(Symfony\\Component\\Console\\Input\\ArgvInput), Object(Symfony\\Component\\Console\\Output\\ConsoleOutput))
#34 /Users/raphaellouisgabion/Documents/Attendance/Attendance/ccis-attendance-merged/vendor/laravel/framework/src/Illuminate/Foundation/Application.php(1242): Illuminate\\Foundation\\Console\\Kernel->handle(Object(Symfony\\Component\\Console\\Input\\ArgvInput), Object(Symfony\\Component\\Console\\Output\\ConsoleOutput))
#35 /Users/raphaellouisgabion/Documents/Attendance/Attendance/ccis-attendance-merged/artisan(16): Illuminate\\Foundation\\Application->handleCommand(Object(Symfony\\Component\\Console\\Input\\ArgvInput))
#36 {main}

[previous exception] [object] (PDOException(code: 42S02): SQLSTATE[42S02]: Base table or view not found: 1146 Table 'ccis_attendance_system.cache' doesn't exist at /Users/raphaellouisgabion/Documents/Attendance/Attendance/ccis-attendance-merged/vendor/laravel/framework/src/Illuminate/Database/Connection.php:622)
[stacktrace]
#0 /Users/raphaellouisgabion/Documents/Attendance/Attendance/ccis-attendance-merged/vendor/laravel/framework/src/Illuminate/Database/Connection.php(622): PDO->prepare('delete from `ca...')
#1 /Users/raphaellouisgabion/Documents/Attendance/Attendance/ccis-attendance-merged/vendor/laravel/framework/src/Illuminate/Database/Connection.php(846): Illuminate\\Database\\Connection->{closure:Illuminate\\Database\\Connection::affectingStatement():614}('delete from `ca...', Array)
#2 /Users/raphaellouisgabion/Documents/Attendance/Attendance/ccis-attendance-merged/vendor/laravel/framework/src/Illuminate/Database/Connection.php(813): Illuminate\\Database\\Connection->runQueryCallback('delete from `ca...', Array, Object(Closure))
#3 /Users/raphaellouisgabion/Documents/Attendance/Attendance/ccis-attendance-merged/vendor/laravel/framework/src/Illuminate/Database/Connection.php(614): Illuminate\\Database\\Connection->run('delete from `ca...', Array, Object(Closure))
#4 /Users/raphaellouisgabion/Documents/Attendance/Attendance/ccis-attendance-merged/vendor/laravel/framework/src/Illuminate/Database/Connection.php(578): Illuminate\\Database\\Connection->affectingStatement('delete from `ca...', Array)
#5 /Users/raphaellouisgabion/Documents/Attendance/Attendance/ccis-attendance-merged/vendor/laravel/framework/src/Illuminate/Database/Query/Builder.php(4576): Illuminate\\Database\\Connection->delete('delete from `ca...', Array)
#6 /Users/raphaellouisgabion/Documents/Attendance/Attendance/ccis-attendance-merged/vendor/laravel/framework/src/Illuminate/Cache/DatabaseStore.php(450): Illuminate\\Database\\Query\\Builder->delete()
#7 /Users/raphaellouisgabion/Documents/Attendance/Attendance/ccis-attendance-merged/vendor/laravel/framework/src/Illuminate/Cache/Repository.php(1086): Illuminate\\Cache\\DatabaseStore->flush()
#8 /Users/raphaellouisgabion/Documents/Attendance/Attendance/ccis-attendance-merged/vendor/laravel/framework/src/Illuminate/Cache/Console/ClearCommand.php(81): Illuminate\\Cache\\Repository->__call('flush', Array)
#9 /Users/raphaellouisgabion/Documents/Attendance/Attendance/ccis-attendance-merged/vendor/laravel/framework/src/Illuminate/Container/BoundMethod.php(36): Illuminate\\Cache\\Console\\ClearCommand->handle()
#10 /Users/raphaellouisgabion/Documents/Attendance/Attendance/ccis-attendance-merged/vendor/laravel/framework/src/Illuminate/Container/Util.php(43): Illuminate\\Container\\BoundMethod::{closure:Illuminate\\Container\\BoundMethod::call():35}()
#11 /Users/raphaellouisgabion/Documents/Attendance/Attendance/ccis-attendance-merged/vendor/laravel/framework/src/Illuminate/Container/BoundMethod.php(96): Illuminate\\Container\\Util::unwrapIfClosure(Object(Closure))
#12 /Users/raphaellouisgabion/Documents/Attendance/Attendance/ccis-attendance-merged/vendor/laravel/framework/src/Illuminate/Container/BoundMethod.php(35): Illuminate\\Container\\BoundMethod::callBoundMethod(Object(Illuminate\\Foundation\\Application), Array, Object(Closure))
#13 /Users/raphaellouisgabion/Documents/Attendance/Attendance/ccis-attendance-merged/vendor/laravel/framework/src/Illuminate/Container/Container.php(803): Illuminate\\Container\\BoundMethod::call(Object(Illuminate\\Foundation\\Application), Array, Array, NULL)
#14 /Users/raphaellouisgabion/Documents/Attendance/Attendance/ccis-attendance-merged/vendor/laravel/framework/src/Illuminate/Console/Command.php(292): Illuminate\\Container\\Container->call(Array)
#15 /Users/raphaellouisgabion/Documents/Attendance/Attendance/ccis-attendance-merged/vendor/symfony/console/Command/Command.php(341): Illuminate\\Console\\Command->execute(Object(Symfony\\Component\\Console\\Input\\ArrayInput), Object(Illuminate\\Console\\OutputStyle))
#16 /Users/raphaellouisgabion/Documents/Attendance/Attendance/ccis-attendance-merged/vendor/laravel/framework/src/Illuminate/Console/Command.php(261): Symfony\\Component\\Console\\Command\\Command->run(Object(Symfony\\Component\\Console\\Input\\ArrayInput), Object(Illuminate\\Console\\OutputStyle))
#17 /Users/raphaellouisgabion/Documents/Attendance/Attendance/ccis-attendance-merged/vendor/laravel/framework/src/Illuminate/Console/Concerns/CallsCommands.php(68): Illuminate\\Console\\Command->run(Object(Symfony\\Component\\Console\\Input\\ArrayInput), Object(Symfony\\Component\\Console\\Output\\NullOutput))
#18 /Users/raphaellouisgabion/Documents/Attendance/Attendance/ccis-attendance-merged/vendor/laravel/framework/src/Illuminate/Console/Concerns/CallsCommands.php(41): Illuminate\\Console\\Command->runCommand('cache:clear', Array, Object(Symfony\\Component\\Console\\Output\\NullOutput))
#19 /Users/raphaellouisgabion/Documents/Attendance/Attendance/ccis-attendance-merged/vendor/laravel/framework/src/Illuminate/Console/Concerns/CallsCommands.php(53): Illuminate\\Console\\Command->callSilent('cache:clear', Array)
#20 /Users/raphaellouisgabion/Documents/Attendance/Attendance/ccis-attendance-merged/vendor/laravel/framework/src/Illuminate/Foundation/Console/OptimizeClearCommand.php(48): Illuminate\\Console\\Command->callSilently('cache:clear')
#21 /Users/raphaellouisgabion/Documents/Attendance/Attendance/ccis-attendance-merged/vendor/laravel/framework/src/Illuminate/Console/View/Components/Task.php(43): Illuminate\\Foundation\\Console\\OptimizeClearCommand->{closure:Illuminate\\Foundation\\Console\\OptimizeClearCommand::handle():48}()
#22 /Users/raphaellouisgabion/Documents/Attendance/Attendance/ccis-attendance-merged/vendor/laravel/framework/src/Illuminate/Console/View/Components/Factory.php(61): Illuminate\\Console\\View\\Components\\Task->render('cache', Object(Closure))
#23 /Users/raphaellouisgabion/Documents/Attendance/Attendance/ccis-attendance-merged/vendor/laravel/framework/src/Illuminate/Foundation/Console/OptimizeClearCommand.php(48): Illuminate\\Console\\View\\Components\\Factory->__call('task', Array)
#24 /Users/raphaellouisgabion/Documents/Attendance/Attendance/ccis-attendance-merged/vendor/laravel/framework/src/Illuminate/Container/BoundMethod.php(36): Illuminate\\Foundation\\Console\\OptimizeClearCommand->handle()
#25 /Users/raphaellouisgabion/Documents/Attendance/Attendance/ccis-attendance-merged/vendor/laravel/framework/src/Illuminate/Container/Util.php(43): Illuminate\\Container\\BoundMethod::{closure:Illuminate\\Container\\BoundMethod::call():35}()
#26 /Users/raphaellouisgabion/Documents/Attendance/Attendance/ccis-attendance-merged/vendor/laravel/framework/src/Illuminate/Container/BoundMethod.php(96): Illuminate\\Container\\Util::unwrapIfClosure(Object(Closure))
#27 /Users/raphaellouisgabion/Documents/Attendance/Attendance/ccis-attendance-merged/vendor/laravel/framework/src/Illuminate/Container/BoundMethod.php(35): Illuminate\\Container\\BoundMethod::callBoundMethod(Object(Illuminate\\Foundation\\Application), Array, Object(Closure))
#28 /Users/raphaellouisgabion/Documents/Attendance/Attendance/ccis-attendance-merged/vendor/laravel/framework/src/Illuminate/Container/Container.php(803): Illuminate\\Container\\BoundMethod::call(Object(Illuminate\\Foundation\\Application), Array, Array, NULL)
#29 /Users/raphaellouisgabion/Documents/Attendance/Attendance/ccis-attendance-merged/vendor/laravel/framework/src/Illuminate/Console/Command.php(292): Illuminate\\Container\\Container->call(Array)
#30 /Users/raphaellouisgabion/Documents/Attendance/Attendance/ccis-attendance-merged/vendor/symfony/console/Command/Command.php(341): Illuminate\\Console\\Command->execute(Object(Symfony\\Component\\Console\\Input\\ArgvInput), Object(Illuminate\\Console\\OutputStyle))
#31 /Users/raphaellouisgabion/Documents/Attendance/Attendance/ccis-attendance-merged/vendor/laravel/framework/src/Illuminate/Console/Command.php(261): Symfony\\Component\\Console\\Command\\Command->run(Object(Symfony\\Component\\Console\\Input\\ArgvInput), Object(Illuminate\\Console\\OutputStyle))
#32 /Users/raphaellouisgabion/Documents/Attendance/Attendance/ccis-attendance-merged/vendor/symfony/console/Application.php(1117): Illuminate\\Console\\Command->run(Object(Symfony\\Component\\Console\\Input\\ArgvInput), Object(Symfony\\Component\\Console\\Output\\ConsoleOutput))
#33 /Users/raphaellouisgabion/Documents/Attendance/Attendance/ccis-attendance-merged/vendor/symfony/console/Application.php(356): Symfony\\Component\\Console\\Application->doRunCommand(Object(Illuminate\\Foundation\\Console\\OptimizeClearCommand), Object(Symfony\\Component\\Console\\Input\\ArgvInput), Object(Symfony\\Component\\Console\\Output\\ConsoleOutput))
#34 /Users/raphaellouisgabion/Documents/Attendance/Attendance/ccis-attendance-merged/vendor/symfony/console/Application.php(195): Symfony\\Component\\Console\\Application->doRun(Object(Symfony\\Component\\Console\\Input\\ArgvInput), Object(Symfony\\Component\\Console\\Output\\ConsoleOutput))
#35 /Users/raphaellouisgabion/Documents/Attendance/Attendance/ccis-attendance-merged/vendor/laravel/framework/src/Illuminate/Foundation/Console/Kernel.php(198): Symfony\\Component\\Console\\Application->run(Object(Symfony\\Component\\Console\\Input\\ArgvInput), Object(Symfony\\Component\\Console\\Output\\ConsoleOutput))
#36 /Users/raphaellouisgabion/Documents/Attendance/Attendance/ccis-attendance-merged/vendor/laravel/framework/src/Illuminate/Foundation/Application.php(1242): Illuminate\\Foundation\\Console\\Kernel->handle(Object(Symfony\\Component\\Console\\Input\\ArgvInput), Object(Symfony\\Component\\Console\\Output\\ConsoleOutput))
#37 /Users/raphaellouisgabion/Documents/Attendance/Attendance/ccis-attendance-merged/artisan(16): Illuminate\\Foundation\\Application->handleCommand(Object(Symfony\\Component\\Console\\Input\\ArgvInput))
#38 {main}
"} 
[2026-09-24 22:49:36] local.ERROR: SQLSTATE[42S22]: Column not found: 1054 Unknown column 'two_factor_secret' in 'field list' (Connection: mysql, Host: 127.0.0.1, Port: 3306, Database: ccis_attendance_system, SQL: insert into `users` (`name`, `email`, `email_verified_at`, `password`, `remember_token`, `two_factor_secret`, `two_factor_recovery_codes`, `two_factor_confirmed_at`, `updated_at`, `created_at`) values (Test User, test@example.com, 2026-09-24 22:49:36, $2y$12$rHZXesyX3M1lZ5iWhfXC0OVKQDQ4jzx6lhXuRgPNu/x0Zgi0I.L0i, sepWLx5czZ, ?, ?, ?, 2026-09-24 22:49:36, 2026-09-24 22:49:36)) {"exception":"[object] (Illuminate\\Database\\QueryException(code: 42S22): SQLSTATE[42S22]: Column not found: 1054 Unknown column 'two_factor_secret' in 'field list' (Connection: mysql, Host: 127.0.0.1, Port: 3306, Database: ccis_attendance_system, SQL: insert into `users` (`name`, `email`, `email_verified_at`, `password`, `remember_token`, `two_factor_secret`, `two_factor_recovery_codes`, `two_factor_confirmed_at`, `updated_at`, `created_at`) values (Test User, test@example.com, 2026-09-24 22:49:36, $2y$12$rHZXesyX3M1lZ5iWhfXC0OVKQDQ4jzx6lhXuRgPNu/x0Zgi0I.L0i, sepWLx5czZ, ?, ?, ?, 2026-09-24 22:49:36, 2026-09-24 22:49:36)) at /Users/raphaellouisgabion/Documents/Attendance/Attendance/ccis-attendance-merged/vendor/laravel/framework/src/Illuminate/Database/Connection.php:857)
[stacktrace]
#0 /Users/raphaellouisgabion/Documents/Attendance/Attendance/ccis-attendance-merged/vendor/laravel/framework/src/Illuminate/Database/Connection.php(813): Illuminate\\Database\\Connection->runQueryCallback('insert into `us...', Array, Object(Closure))
#1 /Users/raphaellouisgabion/Documents/Attendance/Attendance/ccis-attendance-merged/vendor/laravel/framework/src/Illuminate/Database/MySqlConnection.php(42): Illuminate\\Database\\Connection->run('insert into `us...', Array, Object(Closure))
#2 /Users/raphaellouisgabion/Documents/Attendance/Attendance/ccis-attendance-merged/vendor/laravel/framework/src/Illuminate/Database/Query/Processors/MySqlProcessor.php(35): Illuminate\\Database\\MySqlConnection->insert('insert into `us...', Array, 'id')
#3 /Users/raphaellouisgabion/Documents/Attendance/Attendance/ccis-attendance-merged/vendor/laravel/framework/src/Illuminate/Database/Query/Builder.php(4313): Illuminate\\Database\\Query\\Processors\\MySqlProcessor->processInsertGetId(Object(Illuminate\\Database\\Query\\Builder), 'insert into `us...', Array, 'id')
#4 /Users/raphaellouisgabion/Documents/Attendance/Attendance/ccis-attendance-merged/vendor/laravel/framework/src/Illuminate/Database/Eloquent/Builder.php(2303): Illuminate\\Database\\Query\\Builder->insertGetId(Array, 'id')
#5 /Users/raphaellouisgabion/Documents/Attendance/Attendance/ccis-attendance-merged/vendor/laravel/framework/src/Illuminate/Database/Eloquent/Model.php(1687): Illuminate\\Database\\Eloquent\\Builder->__call('insertGetId', Array)
#6 /Users/raphaellouisgabion/Documents/Attendance/Attendance/ccis-attendance-merged/vendor/laravel/framework/src/Illuminate/Database/Eloquent/Model.php(1603): Illuminate\\Database\\Eloquent\\Model->insertAndSetId(Object(Illuminate\\Database\\Eloquent\\Builder), Array)
#7 /Users/raphaellouisgabion/Documents/Attendance/Attendance/ccis-attendance-merged/vendor/laravel/framework/src/Illuminate/Database/Eloquent/Model.php(1407): Illuminate\\Database\\Eloquent\\Model->performInsert(Object(Illuminate\\Database\\Eloquent\\Builder))
#8 /Users/raphaellouisgabion/Documents/Attendance/Attendance/ccis-attendance-merged/vendor/laravel/framework/src/Illuminate/Database/Eloquent/Factories/Factory.php(379): Illuminate\\Database\\Eloquent\\Model->save()
#9 /Users/raphaellouisgabion/Documents/Attendance/Attendance/ccis-attendance-merged/vendor/laravel/framework/src/Illuminate/Collections/Traits/EnumeratesValues.php(275): Illuminate\\Database\\Eloquent\\Factories\\Factory->{closure:Illuminate\\Database\\Eloquent\\Factories\\Factory::store():374}(Object(App\\Models\\User), 0)
#10 /Users/raphaellouisgabion/Documents/Attendance/Attendance/ccis-attendance-merged/vendor/laravel/framework/src/Illuminate/Database/Eloquent/Factories/Factory.php(374): Illuminate\\Support\\Collection->each(Object(Closure))
#11 /Users/raphaellouisgabion/Documents/Attendance/Attendance/ccis-attendance-merged/vendor/laravel/framework/src/Illuminate/Database/Eloquent/Factories/Factory.php(330): Illuminate\\Database\\Eloquent\\Factories\\Factory->store(Object(Illuminate\\Support\\Collection))
#12 /Users/raphaellouisgabion/Documents/Attendance/Attendance/ccis-attendance-merged/vendor/laravel/framework/src/Illuminate/Database/Eloquent/Factories/Factory.php(324): Illuminate\\Database\\Eloquent\\Factories\\Factory->create(Array, NULL)
#13 /Users/raphaellouisgabion/Documents/Attendance/Attendance/ccis-attendance-merged/database/seeders/DatabaseSeeder.php(24): Illuminate\\Database\\Eloquent\\Factories\\Factory->create(Array)
#14 /Users/raphaellouisgabion/Documents/Attendance/Attendance/ccis-attendance-merged/vendor/laravel/framework/src/Illuminate/Container/BoundMethod.php(36): Database\\Seeders\\DatabaseSeeder->run()
#15 /Users/raphaellouisgabion/Documents/Attendance/Attendance/ccis-attendance-merged/vendor/laravel/framework/src/Illuminate/Container/Util.php(43): Illuminate\\Container\\BoundMethod::{closure:Illuminate\\Container\\BoundMethod::call():35}()
#16 /Users/raphaellouisgabion/Documents/Attendance/Attendance/ccis-attendance-merged/vendor/laravel/framework/src/Illuminate/Container/BoundMethod.php(96): Illuminate\\Container\\Util::unwrapIfClosure(Object(Closure))
#17 /Users/raphaellouisgabion/Documents/Attendance/Attendance/ccis-attendance-merged/vendor/laravel/framework/src/Illuminate/Container/BoundMethod.php(35): Illuminate\\Container\\BoundMethod::callBoundMethod(Object(Illuminate\\Foundation\\Application), Array, Object(Closure))
#18 /Users/raphaellouisgabion/Documents/Attendance/Attendance/ccis-attendance-merged/vendor/laravel/framework/src/Illuminate/Container/Container.php(803): Illuminate\\Container\\BoundMethod::call(Object(Illuminate\\Foundation\\Application), Array, Array, NULL)
#19 /Users/raphaellouisgabion/Documents/Attendance/Attendance/ccis-attendance-merged/vendor/laravel/framework/src/Illuminate/Database/Seeder.php(184): Illuminate\\Container\\Container->call(Array, Array)
#20 /Users/raphaellouisgabion/Documents/Attendance/Attendance/ccis-attendance-merged/vendor/laravel/framework/src/Illuminate/Database/Eloquent/Concerns/HasEvents.php(456): Illuminate\\Database\\Seeder->{closure:Illuminate\\Database\\Seeder::__invoke():183}()
#21 /Users/raphaellouisgabion/Documents/Attendance/Attendance/ccis-attendance-merged/vendor/laravel/framework/src/Illuminate/Database/Console/Seeds/WithoutModelEvents.php(17): Illuminate\\Database\\Eloquent\\Model::withoutEvents(Object(Closure))
#22 /Users/raphaellouisgabion/Documents/Attendance/Attendance/ccis-attendance-merged/vendor/laravel/framework/src/Illuminate/Database/Seeder.php(191): Database\\Seeders\\DatabaseSeeder->{closure:Illuminate\\Database\\Console\\Seeds\\WithoutModelEvents::withoutModelEvents():17}()
#23 /Users/raphaellouisgabion/Documents/Attendance/Attendance/ccis-attendance-merged/vendor/laravel/framework/src/Illuminate/Database/Console/Seeds/SeedCommand.php(88): Illuminate\\Database\\Seeder->__invoke()
#24 /Users/raphaellouisgabion/Documents/Attendance/Attendance/ccis-attendance-merged/vendor/laravel/framework/src/Illuminate/Database/Eloquent/Concerns/GuardsAttributes.php(188): Illuminate\\Database\\Console\\Seeds\\SeedCommand->{closure:Illuminate\\Database\\Console\\Seeds\\SeedCommand::handle():87}()
#25 /Users/raphaellouisgabion/Documents/Attendance/Attendance/ccis-attendance-merged/vendor/laravel/framework/src/Illuminate/Database/Console/Seeds/SeedCommand.php(87): Illuminate\\Database\\Eloquent\\Model::unguarded(Object(Closure))
#26 /Users/raphaellouisgabion/Documents/Attendance/Attendance/ccis-attendance-merged/vendor/laravel/framework/src/Illuminate/Container/BoundMethod.php(36): Illuminate\\Database\\Console\\Seeds\\SeedCommand->handle()
#27 /Users/raphaellouisgabion/Documents/Attendance/Attendance/ccis-attendance-merged/vendor/laravel/framework/src/Illuminate/Container/Util.php(43): Illuminate\\Container\\BoundMethod::{closure:Illuminate\\Container\\BoundMethod::call():35}()
#28 /Users/raphaellouisgabion/Documents/Attendance/Attendance/ccis-attendance-merged/vendor/laravel/framework/src/Illuminate/Container/BoundMethod.php(96): Illuminate\\Container\\Util::unwrapIfClosure(Object(Closure))
#29 /Users/raphaellouisgabion/Documents/Attendance/Attendance/ccis-attendance-merged/vendor/laravel/framework/src/Illuminate/Container/BoundMethod.php(35): Illuminate\\Container\\BoundMethod::callBoundMethod(Object(Illuminate\\Foundation\\Application), Array, Object(Closure))
#30 /Users/raphaellouisgabion/Documents/Attendance/Attendance/ccis-attendance-merged/vendor/laravel/framework/src/Illuminate/Container/Container.php(803): Illuminate\\Container\\BoundMethod::call(Object(Illuminate\\Foundation\\Application), Array, Array, NULL)
#31 /Users/raphaellouisgabion/Documents/Attendance/Attendance/ccis-attendance-merged/vendor/laravel/framework/src/Illuminate/Console/Command.php(292): Illuminate\\Container\\Container->call(Array)
#32 /Users/raphaellouisgabion/Documents/Attendance/Attendance/ccis-attendance-merged/vendor/symfony/console/Command/Command.php(341): Illuminate\\Console\\Command->execute(Object(Symfony\\Component\\Console\\Input\\ArgvInput), Object(Illuminate\\Console\\OutputStyle))
#33 /Users/raphaellouisgabion/Documents/Attendance/Attendance/ccis-attendance-merged/vendor/laravel/framework/src/Illuminate/Console/Command.php(261): Symfony\\Component\\Console\\Command\\Command->run(Object(Symfony\\Component\\Console\\Input\\ArgvInput), Object(Illuminate\\Console\\OutputStyle))
#34 /Users/raphaellouisgabion/Documents/Attendance/Attendance/ccis-attendance-merged/vendor/symfony/console/Application.php(1117): Illuminate\\Console\\Command->run(Object(Symfony\\Component\\Console\\Input\\ArgvInput), Object(Symfony\\Component\\Console\\Output\\ConsoleOutput))
#35 /Users/raphaellouisgabion/Documents/Attendance/Attendance/ccis-attendance-merged/vendor/symfony/console/Application.php(356): Symfony\\Component\\Console\\Application->doRunCommand(Object(Illuminate\\Database\\Console\\Seeds\\SeedCommand), Object(Symfony\\Component\\Console\\Input\\ArgvInput), Object(Symfony\\Component\\Console\\Output\\ConsoleOutput))
#36 /Users/raphaellouisgabion/Documents/Attendance/Attendance/ccis-attendance-merged/vendor/symfony/console/Application.php(195): Symfony\\Component\\Console\\Application->doRun(Object(Symfony\\Component\\Console\\Input\\ArgvInput), Object(Symfony\\Component\\Console\\Output\\ConsoleOutput))
#37 /Users/raphaellouisgabion/Documents/Attendance/Attendance/ccis-attendance-merged/vendor/laravel/framework/src/Illuminate/Foundation/Console/Kernel.php(198): Symfony\\Component\\Console\\Application->run(Object(Symfony\\Component\\Console\\Input\\ArgvInput), Object(Symfony\\Component\\Console\\Output\\ConsoleOutput))
#38 /Users/raphaellouisgabion/Documents/Attendance/Attendance/ccis-attendance-merged/vendor/laravel/framework/src/Illuminate/Foundation/Application.php(1242): Illuminate\\Foundation\\Console\\Kernel->handle(Object(Symfony\\Component\\Console\\Input\\ArgvInput), Object(Symfony\\Component\\Console\\Output\\ConsoleOutput))
#39 /Users/raphaellouisgabion/Documents/Attendance/Attendance/ccis-attendance-merged/artisan(16): Illuminate\\Foundation\\Application->handleCommand(Object(Symfony\\Component\\Console\\Input\\ArgvInput))
#40 {main}

[previous exception] [object] (PDOException(code: 42S22): SQLSTATE[42S22]: Column not found: 1054 Unknown column 'two_factor_secret' in 'field list' at /Users/raphaellouisgabion/Documents/Attendance/Attendance/ccis-attendance-merged/vendor/laravel/framework/src/Illuminate/Database/MySqlConnection.php:47)
[stacktrace]
#0 /Users/raphaellouisgabion/Documents/Attendance/Attendance/ccis-attendance-merged/vendor/laravel/framework/src/Illuminate/Database/MySqlConnection.php(47): PDO->prepare('insert into `us...')
#1 /Users/raphaellouisgabion/Documents/Attendance/Attendance/ccis-attendance-merged/vendor/laravel/framework/src/Illuminate/Database/Connection.php(846): Illuminate\\Database\\MySqlConnection->{closure:Illuminate\\Database\\MySqlConnection::insert():42}('insert into `us...', Array)
#2 /Users/raphaellouisgabion/Documents/Attendance/Attendance/ccis-attendance-merged/vendor/laravel/framework/src/Illuminate/Database/Connection.php(813): Illuminate\\Database\\Connection->runQueryCallback('insert into `us...', Array, Object(Closure))
#3 /Users/raphaellouisgabion/Documents/Attendance/Attendance/ccis-attendance-merged/vendor/laravel/framework/src/Illuminate/Database/MySqlConnection.php(42): Illuminate\\Database\\Connection->run('insert into `us...', Array, Object(Closure))
#4 /Users/raphaellouisgabion/Documents/Attendance/Attendance/ccis-attendance-merged/vendor/laravel/framework/src/Illuminate/Database/Query/Processors/MySqlProcessor.php(35): Illuminate\\Database\\MySqlConnection->insert('insert into `us...', Array, 'id')
#5 /Users/raphaellouisgabion/Documents/Attendance/Attendance/ccis-attendance-merged/vendor/laravel/framework/src/Illuminate/Database/Query/Builder.php(4313): Illuminate\\Database\\Query\\Processors\\MySqlProcessor->processInsertGetId(Object(Illuminate\\Database\\Query\\Builder), 'insert into `us...', Array, 'id')
#6 /Users/raphaellouisgabion/Documents/Attendance/Attendance/ccis-attendance-merged/vendor/laravel/framework/src/Illuminate/Database/Eloquent/Builder.php(2303): Illuminate\\Database\\Query\\Builder->insertGetId(Array, 'id')
#7 /Users/raphaellouisgabion/Documents/Attendance/Attendance/ccis-attendance-merged/vendor/laravel/framework/src/Illuminate/Database/Eloquent/Model.php(1687): Illuminate\\Database\\Eloquent\\Builder->__call('insertGetId', Array)
#8 /Users/raphaellouisgabion/Documents/Attendance/Attendance/ccis-attendance-merged/vendor/laravel/framework/src/Illuminate/Database/Eloquent/Model.php(1603): Illuminate\\Database\\Eloquent\\Model->insertAndSetId(Object(Illuminate\\Database\\Eloquent\\Builder), Array)
#9 /Users/raphaellouisgabion/Documents/Attendance/Attendance/ccis-attendance-merged/vendor/laravel/framework/src/Illuminate/Database/Eloquent/Model.php(1407): Illuminate\\Database\\Eloquent\\Model->performInsert(Object(Illuminate\\Database\\Eloquent\\Builder))
#10 /Users/raphaellouisgabion/Documents/Attendance/Attendance/ccis-attendance-merged/vendor/laravel/framework/src/Illuminate/Database/Eloquent/Factories/Factory.php(379): Illuminate\\Database\\Eloquent\\Model->save()
#11 /Users/raphaellouisgabion/Documents/Attendance/Attendance/ccis-attendance-merged/vendor/laravel/framework/src/Illuminate/Collections/Traits/EnumeratesValues.php(275): Illuminate\\Database\\Eloquent\\Factories\\Factory->{closure:Illuminate\\Database\\Eloquent\\Factories\\Factory::store():374}(Object(App\\Models\\User), 0)
#12 /Users/raphaellouisgabion/Documents/Attendance/Attendance/ccis-attendance-merged/vendor/laravel/framework/src/Illuminate/Database/Eloquent/Factories/Factory.php(374): Illuminate\\Support\\Collection->each(Object(Closure))
#13 /Users/raphaellouisgabion/Documents/Attendance/Attendance/ccis-attendance-merged/vendor/laravel/framework/src/Illuminate/Database/Eloquent/Factories/Factory.php(330): Illuminate\\Database\\Eloquent\\Factories\\Factory->store(Object(Illuminate\\Support\\Collection))
#14 /Users/raphaellouisgabion/Documents/Attendance/Attendance/ccis-attendance-merged/vendor/laravel/framework/src/Illuminate/Database/Eloquent/Factories/Factory.php(324): Illuminate\\Database\\Eloquent\\Factories\\Factory->create(Array, NULL)
#15 /Users/raphaellouisgabion/Documents/Attendance/Attendance/ccis-attendance-merged/database/seeders/DatabaseSeeder.php(24): Illuminate\\Database\\Eloquent\\Factories\\Factory->create(Array)
#16 /Users/raphaellouisgabion/Documents/Attendance/Attendance/ccis-attendance-merged/vendor/laravel/framework/src/Illuminate/Container/BoundMethod.php(36): Database\\Seeders\\DatabaseSeeder->run()
#17 /Users/raphaellouisgabion/Documents/Attendance/Attendance/ccis-attendance-merged/vendor/laravel/framework/src/Illuminate/Container/Util.php(43): Illuminate\\Container\\BoundMethod::{closure:Illuminate\\Container\\BoundMethod::call():35}()
#18 /Users/raphaellouisgabion/Documents/Attendance/Attendance/ccis-attendance-merged/vendor/laravel/framework/src/Illuminate/Container/BoundMethod.php(96): Illuminate\\Container\\Util::unwrapIfClosure(Object(Closure))
#19 /Users/raphaellouisgabion/Documents/Attendance/Attendance/ccis-attendance-merged/vendor/laravel/framework/src/Illuminate/Container/BoundMethod.php(35): Illuminate\\Container\\BoundMethod::callBoundMethod(Object(Illuminate\\Foundation\\Application), Array, Object(Closure))
#20 /Users/raphaellouisgabion/Documents/Attendance/Attendance/ccis-attendance-merged/vendor/laravel/framework/src/Illuminate/Container/Container.php(803): Illuminate\\Container\\BoundMethod::call(Object(Illuminate\\Foundation\\Application), Array, Array, NULL)
#21 /Users/raphaellouisgabion/Documents/Attendance/Attendance/ccis-attendance-merged/vendor/laravel/framework/src/Illuminate/Database/Seeder.php(184): Illuminate\\Container\\Container->call(Array, Array)
#22 /Users/raphaellouisgabion/Documents/Attendance/Attendance/ccis-attendance-merged/vendor/laravel/framework/src/Illuminate/Database/Eloquent/Concerns/HasEvents.php(456): Illuminate\\Database\\Seeder->{closure:Illuminate\\Database\\Seeder::__invoke():183}()
#23 /Users/raphaellouisgabion/Documents/Attendance/Attendance/ccis-attendance-merged/vendor/laravel/framework/src/Illuminate/Database/Console/Seeds/WithoutModelEvents.php(17): Illuminate\\Database\\Eloquent\\Model::withoutEvents(Object(Closure))
#24 /Users/raphaellouisgabion/Documents/Attendance/Attendance/ccis-attendance-merged/vendor/laravel/framework/src/Illuminate/Database/Seeder.php(191): Database\\Seeders\\DatabaseSeeder->{closure:Illuminate\\Database\\Console\\Seeds\\WithoutModelEvents::withoutModelEvents():17}()
#25 /Users/raphaellouisgabion/Documents/Attendance/Attendance/ccis-attendance-merged/vendor/laravel/framework/src/Illuminate/Database/Console/Seeds/SeedCommand.php(88): Illuminate\\Database\\Seeder->__invoke()
#26 /Users/raphaellouisgabion/Documents/Attendance/Attendance/ccis-attendance-merged/vendor/laravel/framework/src/Illuminate/Database/Eloquent/Concerns/GuardsAttributes.php(188): Illuminate\\Database\\Console\\Seeds\\SeedCommand->{closure:Illuminate\\Database\\Console\\Seeds\\SeedCommand::handle():87}()
#27 /Users/raphaellouisgabion/Documents/Attendance/Attendance/ccis-attendance-merged/vendor/laravel/framework/src/Illuminate/Database/Console/Seeds/SeedCommand.php(87): Illuminate\\Database\\Eloquent\\Model::unguarded(Object(Closure))
#28 /Users/raphaellouisgabion/Documents/Attendance/Attendance/ccis-attendance-merged/vendor/laravel/framework/src/Illuminate/Container/BoundMethod.php(36): Illuminate\\Database\\Console\\Seeds\\SeedCommand->handle()
#29 /Users/raphaellouisgabion/Documents/Attendance/Attendance/ccis-attendance-merged/vendor/laravel/framework/src/Illuminate/Container/Util.php(43): Illuminate\\Container\\BoundMethod::{closure:Illuminate\\Container\\BoundMethod::call():35}()
#30 /Users/raphaellouisgabion/Documents/Attendance/Attendance/ccis-attendance-merged/vendor/laravel/framework/src/Illuminate/Container/BoundMethod.php(96): Illuminate\\Container\\Util::unwrapIfClosure(Object(Closure))
#31 /Users/raphaellouisgabion/Documents/Attendance/Attendance/ccis-attendance-merged/vendor/laravel/framework/src/Illuminate/Container/BoundMethod.php(35): Illuminate\\Container\\BoundMethod::callBoundMethod(Object(Illuminate\\Foundation\\Application), Array, Object(Closure))
#32 /Users/raphaellouisgabion/Documents/Attendance/Attendance/ccis-attendance-merged/vendor/laravel/framework/src/Illuminate/Container/Container.php(803): Illuminate\\Container\\BoundMethod::call(Object(Illuminate\\Foundation\\Application), Array, Array, NULL)
#33 /Users/raphaellouisgabion/Documents/Attendance/Attendance/ccis-attendance-merged/vendor/laravel/framework/src/Illuminate/Console/Command.php(292): Illuminate\\Container\\Container->call(Array)
#34 /Users/raphaellouisgabion/Documents/Attendance/Attendance/ccis-attendance-merged/vendor/symfony/console/Command/Command.php(341): Illuminate\\Console\\Command->execute(Object(Symfony\\Component\\Console\\Input\\ArgvInput), Object(Illuminate\\Console\\OutputStyle))
#35 /Users/raphaellouisgabion/Documents/Attendance/Attendance/ccis-attendance-merged/vendor/laravel/framework/src/Illuminate/Console/Command.php(261): Symfony\\Component\\Console\\Command\\Command->run(Object(Symfony\\Component\\Console\\Input\\ArgvInput), Object(Illuminate\\Console\\OutputStyle))
#36 /Users/raphaellouisgabion/Documents/Attendance/Attendance/ccis-attendance-merged/vendor/symfony/console/Application.php(1117): Illuminate\\Console\\Command->run(Object(Symfony\\Component\\Console\\Input\\ArgvInput), Object(Symfony\\Component\\Console\\Output\\ConsoleOutput))
#37 /Users/raphaellouisgabion/Documents/Attendance/Attendance/ccis-attendance-merged/vendor/symfony/console/Application.php(356): Symfony\\Component\\Console\\Application->doRunCommand(Object(Illuminate\\Database\\Console\\Seeds\\SeedCommand), Object(Symfony\\Component\\Console\\Input\\ArgvInput), Object(Symfony\\Component\\Console\\Output\\ConsoleOutput))
#38 /Users/raphaellouisgabion/Documents/Attendance/Attendance/ccis-attendance-merged/vendor/symfony/console/Application.php(195): Symfony\\Component\\Console\\Application->doRun(Object(Symfony\\Component\\Console\\Input\\ArgvInput), Object(Symfony\\Component\\Console\\Output\\ConsoleOutput))
#39 /Users/raphaellouisgabion/Documents/Attendance/Attendance/ccis-attendance-merged/vendor/laravel/framework/src/Illuminate/Foundation/Console/Kernel.php(198): Symfony\\Component\\Console\\Application->run(Object(Symfony\\Component\\Console\\Input\\ArgvInput), Object(Symfony\\Component\\Console\\Output\\ConsoleOutput))
#40 /Users/raphaellouisgabion/Documents/Attendance/Attendance/ccis-attendance-merged/vendor/laravel/framework/src/Illuminate/Foundation/Application.php(1242): Illuminate\\Foundation\\Console\\Kernel->handle(Object(Symfony\\Component\\Console\\Input\\ArgvInput), Object(Symfony\\Component\\Console\\Output\\ConsoleOutput))
#41 /Users/raphaellouisgabion/Documents/Attendance/Attendance/ccis-attendance-merged/artisan(16): Illuminate\\Foundation\\Application->handleCommand(Object(Symfony\\Component\\Console\\Input\\ArgvInput))
#42 {main}
"} 
[2026-09-24 22:54:31] local.ERROR: file_put_contents(/Users/raphaellouisgabion/Documents/Attendance/Attendance/ccis-attendance-merged/storage/framework/sessions/SZxnCABS9PMsJLI7blZPr4RajNMe0SqHghm0fmvb): Failed to open stream: No such file or directory {"exception":"[object] (ErrorException(code: 0): file_put_contents(/Users/raphaellouisgabion/Documents/Attendance/Attendance/ccis-attendance-merged/storage/framework/sessions/SZxnCABS9PMsJLI7blZPr4RajNMe0SqHghm0fmvb): Failed to open stream: No such file or directory at /Users/raphaellouisgabion/Documents/Attendance/Attendance/ccis-attendance-merged/vendor/laravel/framework/src/Illuminate/Filesystem/Filesystem.php:204)
[stacktrace]
#0 /Users/raphaellouisgabion/Documents/Attendance/Attendance/ccis-attendance-merged/vendor/laravel/framework/src/Illuminate/Foundation/Bootstrap/HandleExceptions.php(263): Illuminate\\Foundation\\Bootstrap\\HandleExceptions->handleError(2, 'file_put_conten...', '/Users/raphaell...', 204)
#1 [internal function]: Illuminate\\Foundation\\Bootstrap\\HandleExceptions->{closure:Illuminate\\Foundation\\Bootstrap\\HandleExceptions::forwardsTo():262}(2, 'file_put_conten...', '/Users/raphaell...', 204)
#2 /Users/raphaellouisgabion/Documents/Attendance/Attendance/ccis-attendance-merged/vendor/laravel/framework/src/Illuminate/Filesystem/Filesystem.php(204): file_put_contents('/Users/raphaell...', '{\"_token\":\"Yu3u...', 2)
#3 /Users/raphaellouisgabion/Documents/Attendance/Attendance/ccis-attendance-merged/vendor/laravel/framework/src/Illuminate/Session/FileSessionHandler.php(89): Illuminate\\Filesystem\\Filesystem->put('/Users/raphaell...', '{\"_token\":\"Yu3u...', true)
#4 /Users/raphaellouisgabion/Documents/Attendance/Attendance/ccis-attendance-merged/vendor/laravel/framework/src/Illuminate/Session/Store.php(187): Illuminate\\Session\\FileSessionHandler->write('SZxnCABS9PMsJLI...', '{\"_token\":\"Yu3u...')
#5 /Users/raphaellouisgabion/Documents/Attendance/Attendance/ccis-attendance-merged/vendor/laravel/framework/src/Illuminate/Session/Middleware/StartSession.php(248): Illuminate\\Session\\Store->save()
#6 /Users/raphaellouisgabion/Documents/Attendance/Attendance/ccis-attendance-merged/vendor/laravel/framework/src/Illuminate/Session/Middleware/StartSession.php(129): Illuminate\\Session\\Middleware\\StartSession->saveSession(Object(Illuminate\\Http\\Request))
#7 /Users/raphaellouisgabion/Documents/Attendance/Attendance/ccis-attendance-merged/vendor/laravel/framework/src/Illuminate/Session/Middleware/StartSession.php(63): Illuminate\\Session\\Middleware\\StartSession->handleStatefulRequest(Object(Illuminate\\Http\\Request), Object(Illuminate\\Session\\Store), Object(Closure))
#8 /Users/raphaellouisgabion/Documents/Attendance/Attendance/ccis-attendance-merged/vendor/laravel/framework/src/Illuminate/Pipeline/Pipeline.php(219): Illuminate\\Session\\Middleware\\StartSession->handle(Object(Illuminate\\Http\\Request), Object(Closure))
#9 /Users/raphaellouisgabion/Documents/Attendance/Attendance/ccis-attendance-merged/vendor/laravel/framework/src/Illuminate/Cookie/Middleware/AddQueuedCookiesToResponse.php(36): Illuminate\\Pipeline\\Pipeline->{closure:{closure:Illuminate\\Pipeline\\Pipeline::carry():194}:195}(Object(Illuminate\\Http\\Request))
#10 /Users/raphaellouisgabion/Documents/Attendance/Attendance/ccis-attendance-merged/vendor/laravel/framework/src/Illuminate/Pipeline/Pipeline.php(219): Illuminate\\Cookie\\Middleware\\AddQueuedCookiesToResponse->handle(Object(Illuminate\\Http\\Request), Object(Closure))
#11 /Users/raphaellouisgabion/Documents/Attendance/Attendance/ccis-attendance-merged/vendor/laravel/framework/src/Illuminate/Cookie/Middleware/EncryptCookies.php(74): Illuminate\\Pipeline\\Pipeline->{closure:{closure:Illuminate\\Pipeline\\Pipeline::carry():194}:195}(Object(Illuminate\\Http\\Request))
#12 /Users/raphaellouisgabion/Documents/Attendance/Attendance/ccis-attendance-merged/vendor/laravel/framework/src/Illuminate/Pipeline/Pipeline.php(219): Illuminate\\Cookie\\Middleware\\EncryptCookies->handle(Object(Illuminate\\Http\\Request), Object(Closure))
#13 /Users/raphaellouisgabion/Documents/Attendance/Attendance/ccis-attendance-merged/vendor/laravel/framework/src/Illuminate/Pipeline/Pipeline.php(137): Illuminate\\Pipeline\\Pipeline->{closure:{closure:Illuminate\\Pipeline\\Pipeline::carry():194}:195}(Object(Illuminate\\Http\\Request))
#14 /Users/raphaellouisgabion/Documents/Attendance/Attendance/ccis-attendance-merged/vendor/laravel/framework/src/Illuminate/Routing/Router.php(821): Illuminate\\Pipeline\\Pipeline->then(Object(Closure))
#15 /Users/raphaellouisgabion/Documents/Attendance/Attendance/ccis-attendance-merged/vendor/laravel/framework/src/Illuminate/Routing/Router.php(800): Illuminate\\Routing\\Router->runRouteWithinStack(Object(Illuminate\\Routing\\Route), Object(Illuminate\\Http\\Request))
#16 /Users/raphaellouisgabion/Documents/Attendance/Attendance/ccis-attendance-merged/vendor/laravel/framework/src/Illuminate/Routing/Router.php(764): Illuminate\\Routing\\Router->runRoute(Object(Illuminate\\Http\\Request), Object(Illuminate\\Routing\\Route))
#17 /Users/raphaellouisgabion/Documents/Attendance/Attendance/ccis-attendance-merged/vendor/laravel/framework/src/Illuminate/Routing/Router.php(753): Illuminate\\Routing\\Router->dispatchToRoute(Object(Illuminate\\Http\\Request))
#18 /Users/raphaellouisgabion/Documents/Attendance/Attendance/ccis-attendance-merged/vendor/laravel/framework/src/Illuminate/Foundation/Http/Kernel.php(200): Illuminate\\Routing\\Router->dispatch(Object(Illuminate\\Http\\Request))
#19 /Users/raphaellouisgabion/Documents/Attendance/Attendance/ccis-attendance-merged/vendor/laravel/framework/src/Illuminate/Pipeline/Pipeline.php(180): Illuminate\\Foundation\\Http\\Kernel->{closure:Illuminate\\Foundation\\Http\\Kernel::dispatchToRouter():197}(Object(Illuminate\\Http\\Request))
#20 /Users/raphaellouisgabion/Documents/Attendance/Attendance/ccis-attendance-merged/vendor/inertiajs/inertia-laravel/src/Middleware/EnsureGetOnRedirect.php(19): Illuminate\\Pipeline\\Pipeline->{closure:Illuminate\\Pipeline\\Pipeline::prepareDestination():178}(Object(Illuminate\\Http\\Request))
#21 /Users/raphaellouisgabion/Documents/Attendance/Attendance/ccis-attendance-merged/vendor/laravel/framework/src/Illuminate/Pipeline/Pipeline.php(219): Inertia\\Middleware\\EnsureGetOnRedirect->handle(Object(Illuminate\\Http\\Request), Object(Closure))
#22 /Users/raphaellouisgabion/Documents/Attendance/Attendance/ccis-attendance-merged/vendor/laravel/framework/src/Illuminate/Foundation/Http/Middleware/TransformsRequest.php(21): Illuminate\\Pipeline\\Pipeline->{closure:{closure:Illuminate\\Pipeline\\Pipeline::carry():194}:195}(Object(Illuminate\\Http\\Request))
#23 /Users/raphaellouisgabion/Documents/Attendance/Attendance/ccis-attendance-merged/vendor/laravel/framework/src/Illuminate/Foundation/Http/Middleware/ConvertEmptyStringsToNull.php(31): Illuminate\\Foundation\\Http\\Middleware\\TransformsRequest->handle(Object(Illuminate\\Http\\Request), Object(Closure))
#24 /Users/raphaellouisgabion/Documents/Attendance/Attendance/ccis-attendance-merged/vendor/laravel/framework/src/Illuminate/Pipeline/Pipeline.php(219): Illuminate\\Foundation\\Http\\Middleware\\ConvertEmptyStringsToNull->handle(Object(Illuminate\\Http\\Request), Object(Closure))
#25 /Users/raphaellouisgabion/Documents/Attendance/Attendance/ccis-attendance-merged/vendor/laravel/framework/src/Illuminate/Foundation/Http/Middleware/TransformsRequest.php(21): Illuminate\\Pipeline\\Pipeline->{closure:{closure:Illuminate\\Pipeline\\Pipeline::carry():194}:195}(Object(Illuminate\\Http\\Request))
#26 /Users/raphaellouisgabion/Documents/Attendance/Attendance/ccis-attendance-merged/vendor/laravel/framework/src/Illuminate/Foundation/Http/Middleware/TrimStrings.php(51): Illuminate\\Foundation\\Http\\Middleware\\TransformsRequest->handle(Object(Illuminate\\Http\\Request), Object(Closure))
#27 /Users/raphaellouisgabion/Documents/Attendance/Attendance/ccis-attendance-merged/vendor/laravel/framework/src/Illuminate/Pipeline/Pipeline.php(219): Illuminate\\Foundation\\Http\\Middleware\\TrimStrings->handle(Object(Illuminate\\Http\\Request), Object(Closure))
#28 /Users/raphaellouisgabion/Documents/Attendance/Attendance/ccis-attendance-merged/vendor/laravel/framework/src/Illuminate/Http/Middleware/ValidatePostSize.php(27): Illuminate\\Pipeline\\Pipeline->{closure:{closure:Illuminate\\Pipeline\\Pipeline::carry():194}:195}(Object(Illuminate\\Http\\Request))
#29 /Users/raphaellouisgabion/Documents/Attendance/Attendance/ccis-attendance-merged/vendor/laravel/framework/src/Illuminate/Pipeline/Pipeline.php(219): Illuminate\\Http\\Middleware\\ValidatePostSize->handle(Object(Illuminate\\Http\\Request), Object(Closure))
#30 /Users/raphaellouisgabion/Documents/Attendance/Attendance/ccis-attendance-merged/vendor/laravel/framework/src/Illuminate/Foundation/Http/Middleware/PreventRequestsDuringMaintenance.php(110): Illuminate\\Pipeline\\Pipeline->{closure:{closure:Illuminate\\Pipeline\\Pipeline::carry():194}:195}(Object(Illuminate\\Http\\Request))
#31 /Users/raphaellouisgabion/Documents/Attendance/Attendance/ccis-attendance-merged/vendor/laravel/framework/src/Illuminate/Pipeline/Pipeline.php(219): Illuminate\\Foundation\\Http\\Middleware\\PreventRequestsDuringMaintenance->handle(Object(Illuminate\\Http\\Request), Object(Closure))
#32 /Users/raphaellouisgabion/Documents/Attendance/Attendance/ccis-attendance-merged/vendor/laravel/framework/src/Illuminate/Http/Middleware/HandleCors.php(61): Illuminate\\Pipeline\\Pipeline->{closure:{closure:Illuminate\\Pipeline\\Pipeline::carry():194}:195}(Object(Illuminate\\Http\\Request))
#33 /Users/raphaellouisgabion/Documents/Attendance/Attendance/ccis-attendance-merged/vendor/laravel/framework/src/Illuminate/Pipeline/Pipeline.php(219): Illuminate\\Http\\Middleware\\HandleCors->handle(Object(Illuminate\\Http\\Request), Object(Closure))
#34 /Users/raphaellouisgabion/Documents/Attendance/Attendance/ccis-attendance-merged/vendor/laravel/framework/src/Illuminate/Http/Middleware/TrustProxies.php(58): Illuminate\\Pipeline\\Pipeline->{closure:{closure:Illuminate\\Pipeline\\Pipeline::carry():194}:195}(Object(Illuminate\\Http\\Request))
#35 /Users/raphaellouisgabion/Documents/Attendance/Attendance/ccis-attendance-merged/vendor/laravel/framework/src/Illuminate/Pipeline/Pipeline.php(219): Illuminate\\Http\\Middleware\\TrustProxies->handle(Object(Illuminate\\Http\\Request), Object(Closure))
#36 /Users/raphaellouisgabion/Documents/Attendance/Attendance/ccis-attendance-merged/vendor/laravel/framework/src/Illuminate/Foundation/Http/Middleware/InvokeDeferredCallbacks.php(22): Illuminate\\Pipeline\\Pipeline->{closure:{closure:Illuminate\\Pipeline\\Pipeline::carry():194}:195}(Object(Illuminate\\Http\\Request))
#37 /Users/raphaellouisgabion/Documents/Attendance/Attendance/ccis-attendance-merged/vendor/laravel/framework/src/Illuminate/Pipeline/Pipeline.php(219): Illuminate\\Foundation\\Http\\Middleware\\InvokeDeferredCallbacks->handle(Object(Illuminate\\Http\\Request), Object(Closure))
#38 /Users/raphaellouisgabion/Documents/Attendance/Attendance/ccis-attendance-merged/vendor/laravel/framework/src/Illuminate/Http/Middleware/ValidatePathEncoding.php(28): Illuminate\\Pipeline\\Pipeline->{closure:{closure:Illuminate\\Pipeline\\Pipeline::carry():194}:195}(Object(Illuminate\\Http\\Request))
#39 /Users/raphaellouisgabion/Documents/Attendance/Attendance/ccis-attendance-merged/vendor/laravel/framework/src/Illuminate/Pipeline/Pipeline.php(219): Illuminate\\Http\\Middleware\\ValidatePathEncoding->handle(Object(Illuminate\\Http\\Request), Object(Closure))
#40 /Users/raphaellouisgabion/Documents/Attendance/Attendance/ccis-attendance-merged/vendor/laravel/framework/src/Illuminate/Pipeline/Pipeline.php(137): Illuminate\\Pipeline\\Pipeline->{closure:{closure:Illuminate\\Pipeline\\Pipeline::carry():194}:195}(Object(Illuminate\\Http\\Request))
#41 /Users/raphaellouisgabion/Documents/Attendance/Attendance/ccis-attendance-merged/vendor/laravel/framework/src/Illuminate/Foundation/Http/Kernel.php(175): Illuminate\\Pipeline\\Pipeline->then(Object(Closure))
#42 /Users/raphaellouisgabion/Documents/Attendance/Attendance/ccis-attendance-merged/vendor/laravel/framework/src/Illuminate/Foundation/Http/Kernel.php(144): Illuminate\\Foundation\\Http\\Kernel->sendRequestThroughRouter(Object(Illuminate\\Http\\Request))
#43 /Users/raphaellouisgabion/Documents/Attendance/Attendance/ccis-attendance-merged/vendor/laravel/framework/src/Illuminate/Foundation/Application.php(1227): Illuminate\\Foundation\\Http\\Kernel->handle(Object(Illuminate\\Http\\Request))
#44 /Users/raphaellouisgabion/Documents/Attendance/Attendance/ccis-attendance-merged/public/index.php(20): Illuminate\\Foundation\\Application->handleRequest(Object(Illuminate\\Http\\Request))
#45 /Users/raphaellouisgabion/Documents/Attendance/Attendance/ccis-attendance-merged/vendor/laravel/framework/src/Illuminate/Foundation/resources/server.php(23): require_once('/Users/raphaell...')
#46 {main}
"} 
[2026-09-25 00:12:08] local.ERROR: App\Services\BiometricService::verifyLiveness(): Argument #2 ($frontal) must be of type Illuminate\Http\UploadedFile, string given, called in /Users/raphaellouisgabion/Documents/Attendance/Attendance/ccis-attendance-merged/app/Http/Controllers/FaceVerificationController.php on line 117 {"userId":1,"exception":"[object] (TypeError(code: 0): App\\Services\\BiometricService::verifyLiveness(): Argument #2 ($frontal) must be of type Illuminate\\Http\\UploadedFile, string given, called in /Users/raphaellouisgabion/Documents/Attendance/Attendance/ccis-attendance-merged/app/Http/Controllers/FaceVerificationController.php on line 117 at /Users/raphaellouisgabion/Documents/Attendance/Attendance/ccis-attendance-merged/app/Services/BiometricService.php:31)
[stacktrace]
#0 /Users/raphaellouisgabion/Documents/Attendance/Attendance/ccis-attendance-merged/app/Http/Controllers/FaceVerificationController.php(117): App\\Services\\BiometricService->verifyLiveness('left', '/9j/4AAQSkZJRgA...', '/9j/4AAQSkZJRgA...', '/9j/4AAQSkZJRgA...')
#1 /Users/raphaellouisgabion/Documents/Attendance/Attendance/ccis-attendance-merged/app/Http/Controllers/FaceVerificationController.php(88): App\\Http\\Controllers\\FaceVerificationController->processVerification(Object(App\\Http\\Requests\\VerifyFaceRequest), Object(App\\Models\\Student), 'face-verify:25')
#2 /Users/raphaellouisgabion/Documents/Attendance/Attendance/ccis-attendance-merged/vendor/laravel/framework/src/Illuminate/Routing/ControllerDispatcher.php(46): App\\Http\\Controllers\\FaceVerificationController->verifyFace(Object(App\\Http\\Requests\\VerifyFaceRequest))
#3 /Users/raphaellouisgabion/Documents/Attendance/Attendance/ccis-attendance-merged/vendor/laravel/framework/src/Illuminate/Routing/Route.php(276): Illuminate\\Routing\\ControllerDispatcher->dispatch(Object(Illuminate\\Routing\\Route), Object(App\\Http\\Controllers\\FaceVerificationController), 'verifyFace')
#4 /Users/raphaellouisgabion/Documents/Attendance/Attendance/ccis-attendance-merged/vendor/laravel/framework/src/Illuminate/Routing/Route.php(216): Illuminate\\Routing\\Route->runController()
#5 /Users/raphaellouisgabion/Documents/Attendance/Attendance/ccis-attendance-merged/vendor/laravel/framework/src/Illuminate/Routing/Router.php(822): Illuminate\\Routing\\Route->run()
#6 /Users/raphaellouisgabion/Documents/Attendance/Attendance/ccis-attendance-merged/vendor/laravel/framework/src/Illuminate/Pipeline/Pipeline.php(180): Illuminate\\Routing\\Router->{closure:Illuminate\\Routing\\Router::runRouteWithinStack():821}(Object(Illuminate\\Http\\Request))
#7 /Users/raphaellouisgabion/Documents/Attendance/Attendance/ccis-attendance-merged/vendor/laravel/framework/src/Illuminate/Auth/Middleware/EnsureEmailIsVerified.php(41): Illuminate\\Pipeline\\Pipeline->{closure:Illuminate\\Pipeline\\Pipeline::prepareDestination():178}(Object(Illuminate\\Http\\Request))
#8 /Users/raphaellouisgabion/Documents/Attendance/Attendance/ccis-attendance-merged/vendor/laravel/framework/src/Illuminate/Pipeline/Pipeline.php(219): Illuminate\\Auth\\Middleware\\EnsureEmailIsVerified->handle(Object(Illuminate\\Http\\Request), Object(Closure))
#9 /Users/raphaellouisgabion/Documents/Attendance/Attendance/ccis-attendance-merged/vendor/laravel/boost/src/Middleware/InjectBoost.php(22): Illuminate\\Pipeline\\Pipeline->{closure:{closure:Illuminate\\Pipeline\\Pipeline::carry():194}:195}(Object(Illuminate\\Http\\Request))
#10 /Users/raphaellouisgabion/Documents/Attendance/Attendance/ccis-attendance-merged/vendor/laravel/framework/src/Illuminate/Pipeline/Pipeline.php(219): Laravel\\Boost\\Middleware\\InjectBoost->handle(Object(Illuminate\\Http\\Request), Object(Closure))
#11 /Users/raphaellouisgabion/Documents/Attendance/Attendance/ccis-attendance-merged/vendor/laravel/framework/src/Illuminate/Http/Middleware/AddLinkHeadersForPreloadedAssets.php(32): Illuminate\\Pipeline\\Pipeline->{closure:{closure:Illuminate\\Pipeline\\Pipeline::carry():194}:195}(Object(Illuminate\\Http\\Request))
#12 /Users/raphaellouisgabion/Documents/Attendance/Attendance/ccis-attendance-merged/vendor/laravel/framework/src/Illuminate/Pipeline/Pipeline.php(219): Illuminate\\Http\\Middleware\\AddLinkHeadersForPreloadedAssets->handle(Object(Illuminate\\Http\\Request), Object(Closure))
#13 /Users/raphaellouisgabion/Documents/Attendance/Attendance/ccis-attendance-merged/vendor/inertiajs/inertia-laravel/src/Middleware.php(147): Illuminate\\Pipeline\\Pipeline->{closure:{closure:Illuminate\\Pipeline\\Pipeline::carry():194}:195}(Object(Illuminate\\Http\\Request))
#14 /Users/raphaellouisgabion/Documents/Attendance/Attendance/ccis-attendance-merged/vendor/laravel/framework/src/Illuminate/Pipeline/Pipeline.php(219): Inertia\\Middleware->handle(Object(Illuminate\\Http\\Request), Object(Closure))
#15 /Users/raphaellouisgabion/Documents/Attendance/Attendance/ccis-attendance-merged/app/Http/Middleware/HandleAppearance.php(21): Illuminate\\Pipeline\\Pipeline->{closure:{closure:Illuminate\\Pipeline\\Pipeline::carry():194}:195}(Object(Illuminate\\Http\\Request))
#16 /Users/raphaellouisgabion/Documents/Attendance/Attendance/ccis-attendance-merged/vendor/laravel/framework/src/Illuminate/Pipeline/Pipeline.php(219): App\\Http\\Middleware\\HandleAppearance->handle(Object(Illuminate\\Http\\Request), Object(Closure))
#17 /Users/raphaellouisgabion/Documents/Attendance/Attendance/ccis-attendance-merged/vendor/laravel/framework/src/Illuminate/Routing/Middleware/SubstituteBindings.php(52): Illuminate\\Pipeline\\Pipeline->{closure:{closure:Illuminate\\Pipeline\\Pipeline::carry():194}:195}(Object(Illuminate\\Http\\Request))
#18 /Users/raphaellouisgabion/Documents/Attendance/Attendance/ccis-attendance-merged/vendor/laravel/framework/src/Illuminate/Pipeline/Pipeline.php(219): Illuminate\\Routing\\Middleware\\SubstituteBindings->handle(Object(Illuminate\\Http\\Request), Object(Closure))
#19 /Users/raphaellouisgabion/Documents/Attendance/Attendance/ccis-attendance-merged/vendor/laravel/framework/src/Illuminate/Routing/Middleware/ThrottleRequests.php(168): Illuminate\\Pipeline\\Pipeline->{closure:{closure:Illuminate\\Pipeline\\Pipeline::carry():194}:195}(Object(Illuminate\\Http\\Request))
#20 /Users/raphaellouisgabion/Documents/Attendance/Attendance/ccis-attendance-merged/vendor/laravel/framework/src/Illuminate/Routing/Middleware/ThrottleRequests.php(93): Illuminate\\Routing\\Middleware\\ThrottleRequests->handleRequest(Object(Illuminate\\Http\\Request), Object(Closure), Array)
#21 /Users/raphaellouisgabion/Documents/Attendance/Attendance/ccis-attendance-merged/vendor/laravel/framework/src/Illuminate/Pipeline/Pipeline.php(219): Illuminate\\Routing\\Middleware\\ThrottleRequests->handle(Object(Illuminate\\Http\\Request), Object(Closure), '10', '1')
#22 /Users/raphaellouisgabion/Documents/Attendance/Attendance/ccis-attendance-merged/vendor/laravel/framework/src/Illuminate/Auth/Middleware/Authenticate.php(63): Illuminate\\Pipeline\\Pipeline->{closure:{closure:Illuminate\\Pipeline\\Pipeline::carry():194}:195}(Object(Illuminate\\Http\\Request))
#23 /Users/raphaellouisgabion/Documents/Attendance/Attendance/ccis-attendance-merged/vendor/laravel/framework/src/Illuminate/Pipeline/Pipeline.php(219): Illuminate\\Auth\\Middleware\\Authenticate->handle(Object(Illuminate\\Http\\Request), Object(Closure))
#24 /Users/raphaellouisgabion/Documents/Attendance/Attendance/ccis-attendance-merged/vendor/laravel/framework/src/Illuminate/Foundation/Http/Middleware/PreventRequestForgery.php(104): Illuminate\\Pipeline\\Pipeline->{closure:{closure:Illuminate\\Pipeline\\Pipeline::carry():194}:195}(Object(Illuminate\\Http\\Request))
#25 /Users/raphaellouisgabion/Documents/Attendance/Attendance/ccis-attendance-merged/vendor/laravel/framework/src/Illuminate/Pipeline/Pipeline.php(219): Illuminate\\Foundation\\Http\\Middleware\\PreventRequestForgery->handle(Object(Illuminate\\Http\\Request), Object(Closure))
#26 /Users/raphaellouisgabion/Documents/Attendance/Attendance/ccis-attendance-merged/vendor/laravel/framework/src/Illuminate/View/Middleware/ShareErrorsFromSession.php(48): Illuminate\\Pipeline\\Pipeline->{closure:{closure:Illuminate\\Pipeline\\Pipeline::carry():194}:195}(Object(Illuminate\\Http\\Request))
#27 /Users/raphaellouisgabion/Documents/Attendance/Attendance/ccis-attendance-merged/vendor/laravel/framework/src/Illuminate/Pipeline/Pipeline.php(219): Illuminate\\View\\Middleware\\ShareErrorsFromSession->handle(Object(Illuminate\\Http\\Request), Object(Closure))
#28 /Users/raphaellouisgabion/Documents/Attendance/Attendance/ccis-attendance-merged/vendor/laravel/framework/src/Illuminate/Session/Middleware/StartSession.php(120): Illuminate\\Pipeline\\Pipeline->{closure:{closure:Illuminate\\Pipeline\\Pipeline::carry():194}:195}(Object(Illuminate\\Http\\Request))
#29 /Users/raphaellouisgabion/Documents/Attendance/Attendance/ccis-attendance-merged/vendor/laravel/framework/src/Illuminate/Session/Middleware/StartSession.php(63): Illuminate\\Session\\Middleware\\StartSession->handleStatefulRequest(Object(Illuminate\\Http\\Request), Object(Illuminate\\Session\\Store), Object(Closure))
#30 /Users/raphaellouisgabion/Documents/Attendance/Attendance/ccis-attendance-merged/vendor/laravel/framework/src/Illuminate/Pipeline/Pipeline.php(219): Illuminate\\Session\\Middleware\\StartSession->handle(Object(Illuminate\\Http\\Request), Object(Closure))
#31 /Users/raphaellouisgabion/Documents/Attendance/Attendance/ccis-attendance-merged/vendor/laravel/framework/src/Illuminate/Cookie/Middleware/AddQueuedCookiesToResponse.php(36): Illuminate\\Pipeline\\Pipeline->{closure:{closure:Illuminate\\Pipeline\\Pipeline::carry():194}:195}(Object(Illuminate\\Http\\Request))
#32 /Users/raphaellouisgabion/Documents/Attendance/Attendance/ccis-attendance-merged/vendor/laravel/framework/src/Illuminate/Pipeline/Pipeline.php(219): Illuminate\\Cookie\\Middleware\\AddQueuedCookiesToResponse->handle(Object(Illuminate\\Http\\Request), Object(Closure))
#33 /Users/raphaellouisgabion/Documents/Attendance/Attendance/ccis-attendance-merged/vendor/laravel/framework/src/Illuminate/Cookie/Middleware/EncryptCookies.php(74): Illuminate\\Pipeline\\Pipeline->{closure:{closure:Illuminate\\Pipeline\\Pipeline::carry():194}:195}(Object(Illuminate\\Http\\Request))
#34 /Users/raphaellouisgabion/Documents/Attendance/Attendance/ccis-attendance-merged/vendor/laravel/framework/src/Illuminate/Pipeline/Pipeline.php(219): Illuminate\\Cookie\\Middleware\\EncryptCookies->handle(Object(Illuminate\\Http\\Request), Object(Closure))
#35 /Users/raphaellouisgabion/Documents/Attendance/Attendance/ccis-attendance-merged/vendor/laravel/framework/src/Illuminate/Pipeline/Pipeline.php(137): Illuminate\\Pipeline\\Pipeline->{closure:{closure:Illuminate\\Pipeline\\Pipeline::carry():194}:195}(Object(Illuminate\\Http\\Request))
#36 /Users/raphaellouisgabion/Documents/Attendance/Attendance/ccis-attendance-merged/vendor/laravel/framework/src/Illuminate/Routing/Router.php(821): Illuminate\\Pipeline\\Pipeline->then(Object(Closure))
#37 /Users/raphaellouisgabion/Documents/Attendance/Attendance/ccis-attendance-merged/vendor/laravel/framework/src/Illuminate/Routing/Router.php(800): Illuminate\\Routing\\Router->runRouteWithinStack(Object(Illuminate\\Routing\\Route), Object(Illuminate\\Http\\Request))
#38 /Users/raphaellouisgabion/Documents/Attendance/Attendance/ccis-attendance-merged/vendor/laravel/framework/src/Illuminate/Routing/Router.php(764): Illuminate\\Routing\\Router->runRoute(Object(Illuminate\\Http\\Request), Object(Illuminate\\Routing\\Route))
#39 /Users/raphaellouisgabion/Documents/Attendance/Attendance/ccis-attendance-merged/vendor/laravel/framework/src/Illuminate/Routing/Router.php(753): Illuminate\\Routing\\Router->dispatchToRoute(Object(Illuminate\\Http\\Request))
#40 /Users/raphaellouisgabion/Documents/Attendance/Attendance/ccis-attendance-merged/vendor/laravel/framework/src/Illuminate/Foundation/Http/Kernel.php(200): Illuminate\\Routing\\Router->dispatch(Object(Illuminate\\Http\\Request))
#41 /Users/raphaellouisgabion/Documents/Attendance/Attendance/ccis-attendance-merged/vendor/laravel/framework/src/Illuminate/Pipeline/Pipeline.php(180): Illuminate\\Foundation\\Http\\Kernel->{closure:Illuminate\\Foundation\\Http\\Kernel::dispatchToRouter():197}(Object(Illuminate\\Http\\Request))
#42 /Users/raphaellouisgabion/Documents/Attendance/Attendance/ccis-attendance-merged/vendor/inertiajs/inertia-laravel/src/Middleware/EnsureGetOnRedirect.php(19): Illuminate\\Pipeline\\Pipeline->{closure:Illuminate\\Pipeline\\Pipeline::prepareDestination():178}(Object(Illuminate\\Http\\Request))
#43 /Users/raphaellouisgabion/Documents/Attendance/Attendance/ccis-attendance-merged/vendor/laravel/framework/src/Illuminate/Pipeline/Pipeline.php(219): Inertia\\Middleware\\EnsureGetOnRedirect->handle(Object(Illuminate\\Http\\Request), Object(Closure))
#44 /Users/raphaellouisgabion/Documents/Attendance/Attendance/ccis-attendance-merged/vendor/laravel/framework/src/Illuminate/Foundation/Http/Middleware/TransformsRequest.php(21): Illuminate\\Pipeline\\Pipeline->{closure:{closure:Illuminate\\Pipeline\\Pipeline::carry():194}:195}(Object(Illuminate\\Http\\Request))
#45 /Users/raphaellouisgabion/Documents/Attendance/Attendance/ccis-attendance-merged/vendor/laravel/framework/src/Illuminate/Foundation/Http/Middleware/ConvertEmptyStringsToNull.php(31): Illuminate\\Foundation\\Http\\Middleware\\TransformsRequest->handle(Object(Illuminate\\Http\\Request), Object(Closure))
#46 /Users/raphaellouisgabion/Documents/Attendance/Attendance/ccis-attendance-merged/vendor/laravel/framework/src/Illuminate/Pipeline/Pipeline.php(219): Illuminate\\Foundation\\Http\\Middleware\\ConvertEmptyStringsToNull->handle(Object(Illuminate\\Http\\Request), Object(Closure))
#47 /Users/raphaellouisgabion/Documents/Attendance/Attendance/ccis-attendance-merged/vendor/laravel/framework/src/Illuminate/Foundation/Http/Middleware/TransformsRequest.php(21): Illuminate\\Pipeline\\Pipeline->{closure:{closure:Illuminate\\Pipeline\\Pipeline::carry():194}:195}(Object(Illuminate\\Http\\Request))
#48 /Users/raphaellouisgabion/Documents/Attendance/Attendance/ccis-attendance-merged/vendor/laravel/framework/src/Illuminate/Foundation/Http/Middleware/TrimStrings.php(51): Illuminate\\Foundation\\Http\\Middleware\\TransformsRequest->handle(Object(Illuminate\\Http\\Request), Object(Closure))
#49 /Users/raphaellouisgabion/Documents/Attendance/Attendance/ccis-attendance-merged/vendor/laravel/framework/src/Illuminate/Pipeline/Pipeline.php(219): Illuminate\\Foundation\\Http\\Middleware\\TrimStrings->handle(Object(Illuminate\\Http\\Request), Object(Closure))
#50 /Users/raphaellouisgabion/Documents/Attendance/Attendance/ccis-attendance-merged/vendor/laravel/framework/src/Illuminate/Http/Middleware/ValidatePostSize.php(27): Illuminate\\Pipeline\\Pipeline->{closure:{closure:Illuminate\\Pipeline\\Pipeline::carry():194}:195}(Object(Illuminate\\Http\\Request))
#51 /Users/raphaellouisgabion/Documents/Attendance/Attendance/ccis-attendance-merged/vendor/laravel/framework/src/Illuminate/Pipeline/Pipeline.php(219): Illuminate\\Http\\Middleware\\ValidatePostSize->handle(Object(Illuminate\\Http\\Request), Object(Closure))
#52 /Users/raphaellouisgabion/Documents/Attendance/Attendance/ccis-attendance-merged/vendor/laravel/framework/src/Illuminate/Foundation/Http/Middleware/PreventRequestsDuringMaintenance.php(110): Illuminate\\Pipeline\\Pipeline->{closure:{closure:Illuminate\\Pipeline\\Pipeline::carry():194}:195}(Object(Illuminate\\Http\\Request))
#53 /Users/raphaellouisgabion/Documents/Attendance/Attendance/ccis-attendance-merged/vendor/laravel/framework/src/Illuminate/Pipeline/Pipeline.php(219): Illuminate\\Foundation\\Http\\Middleware\\PreventRequestsDuringMaintenance->handle(Object(Illuminate\\Http\\Request), Object(Closure))
#54 /Users/raphaellouisgabion/Documents/Attendance/Attendance/ccis-attendance-merged/vendor/laravel/framework/src/Illuminate/Http/Middleware/HandleCors.php(61): Illuminate\\Pipeline\\Pipeline->{closure:{closure:Illuminate\\Pipeline\\Pipeline::carry():194}:195}(Object(Illuminate\\Http\\Request))
#55 /Users/raphaellouisgabion/Documents/Attendance/Attendance/ccis-attendance-merged/vendor/laravel/framework/src/Illuminate/Pipeline/Pipeline.php(219): Illuminate\\Http\\Middleware\\HandleCors->handle(Object(Illuminate\\Http\\Request), Object(Closure))
#56 /Users/raphaellouisgabion/Documents/Attendance/Attendance/ccis-attendance-merged/vendor/laravel/framework/src/Illuminate/Http/Middleware/TrustProxies.php(58): Illuminate\\Pipeline\\Pipeline->{closure:{closure:Illuminate\\Pipeline\\Pipeline::carry():194}:195}(Object(Illuminate\\Http\\Request))
#57 /Users/raphaellouisgabion/Documents/Attendance/Attendance/ccis-attendance-merged/vendor/laravel/framework/src/Illuminate/Pipeline/Pipeline.php(219): Illuminate\\Http\\Middleware\\TrustProxies->handle(Object(Illuminate\\Http\\Request), Object(Closure))
#58 /Users/raphaellouisgabion/Documents/Attendance/Attendance/ccis-attendance-merged/vendor/laravel/framework/src/Illuminate/Foundation/Http/Middleware/InvokeDeferredCallbacks.php(22): Illuminate\\Pipeline\\Pipeline->{closure:{closure:Illuminate\\Pipeline\\Pipeline::carry():194}:195}(Object(Illuminate\\Http\\Request))
#59 /Users/raphaellouisgabion/Documents/Attendance/Attendance/ccis-attendance-merged/vendor/laravel/framework/src/Illuminate/Pipeline/Pipeline.php(219): Illuminate\\Foundation\\Http\\Middleware\\InvokeDeferredCallbacks->handle(Object(Illuminate\\Http\\Request), Object(Closure))
#60 /Users/raphaellouisgabion/Documents/Attendance/Attendance/ccis-attendance-merged/vendor/laravel/framework/src/Illuminate/Http/Middleware/ValidatePathEncoding.php(28): Illuminate\\Pipeline\\Pipeline->{closure:{closure:Illuminate\\Pipeline\\Pipeline::carry():194}:195}(Object(Illuminate\\Http\\Request))
#61 /Users/raphaellouisgabion/Documents/Attendance/Attendance/ccis-attendance-merged/vendor/laravel/framework/src/Illuminate/Pipeline/Pipeline.php(219): Illuminate\\Http\\Middleware\\ValidatePathEncoding->handle(Object(Illuminate\\Http\\Request), Object(Closure))
#62 /Users/raphaellouisgabion/Documents/Attendance/Attendance/ccis-attendance-merged/vendor/laravel/framework/src/Illuminate/Pipeline/Pipeline.php(137): Illuminate\\Pipeline\\Pipeline->{closure:{closure:Illuminate\\Pipeline\\Pipeline::carry():194}:195}(Object(Illuminate\\Http\\Request))
#63 /Users/raphaellouisgabion/Documents/Attendance/Attendance/ccis-attendance-merged/vendor/laravel/framework/src/Illuminate/Foundation/Http/Kernel.php(175): Illuminate\\Pipeline\\Pipeline->then(Object(Closure))
#64 /Users/raphaellouisgabion/Documents/Attendance/Attendance/ccis-attendance-merged/vendor/laravel/framework/src/Illuminate/Foundation/Http/Kernel.php(144): Illuminate\\Foundation\\Http\\Kernel->sendRequestThroughRouter(Object(Illuminate\\Http\\Request))
#65 /Users/raphaellouisgabion/Documents/Attendance/Attendance/ccis-attendance-merged/vendor/laravel/framework/src/Illuminate/Foundation/Application.php(1227): Illuminate\\Foundation\\Http\\Kernel->handle(Object(Illuminate\\Http\\Request))
#66 /Users/raphaellouisgabion/Documents/Attendance/Attendance/ccis-attendance-merged/public/index.php(20): Illuminate\\Foundation\\Application->handleRequest(Object(Illuminate\\Http\\Request))
#67 /Users/raphaellouisgabion/Documents/Attendance/Attendance/ccis-attendance-merged/vendor/laravel/framework/src/Illuminate/Foundation/resources/server.php(23): require_once('/Users/raphaell...')
#68 {main}
"} 
[2026-09-25 17:10:56] local.ERROR: Biometric service unreachable {"error":"cURL error 7: Failed to connect to 127.0.0.1 port 8001 after 0 ms: Could not connect to server (see https://curl.se/libcurl/c/libcurl-errors.html) for http://127.0.0.1:8001/extract-embedding"} 
[2026-09-27 00:03:37] local.ERROR: Target class [App\Services\GeofenceService] does not exist. {"userId":8,"exception":"[object] (Illuminate\\Contracts\\Container\\BindingResolutionException(code: 0): Target class [App\\Services\\GeofenceService] does not exist. at /Users/raphaellouisgabion/Documents/Attendance/Attendance/ccis-attendance-merged/vendor/laravel/framework/src/Illuminate/Container/Container.php:1149)
[stacktrace]
#0 /Users/raphaellouisgabion/Documents/Attendance/Attendance/ccis-attendance-merged/vendor/laravel/framework/src/Illuminate/Container/Container.php(939): Illuminate\\Container\\Container->build('App\\\\Services\\\\Ge...')
#1 /Users/raphaellouisgabion/Documents/Attendance/Attendance/ccis-attendance-merged/vendor/laravel/framework/src/Illuminate/Foundation/Application.php(1085): Illuminate\\Container\\Container->resolve('App\\\\Services\\\\Ge...', Array, true)
#2 /Users/raphaellouisgabion/Documents/Attendance/Attendance/ccis-attendance-merged/vendor/laravel/framework/src/Illuminate/Container/Container.php(867): Illuminate\\Foundation\\Application->resolve('App\\\\Services\\\\Ge...', Array)
#3 /Users/raphaellouisgabion/Documents/Attendance/Attendance/ccis-attendance-merged/vendor/laravel/framework/src/Illuminate/Foundation/Application.php(1065): Illuminate\\Container\\Container->make('App\\\\Services\\\\Ge...', Array)
#4 /Users/raphaellouisgabion/Documents/Attendance/Attendance/ccis-attendance-merged/vendor/laravel/framework/src/Illuminate/Container/Container.php(1361): Illuminate\\Foundation\\Application->make('App\\\\Services\\\\Ge...')
#5 /Users/raphaellouisgabion/Documents/Attendance/Attendance/ccis-attendance-merged/vendor/laravel/framework/src/Illuminate/Container/Container.php(1262): Illuminate\\Container\\Container->resolveClass(Object(ReflectionParameter), 'App\\\\Services\\\\Ge...')
#6 /Users/raphaellouisgabion/Documents/Attendance/Attendance/ccis-attendance-merged/vendor/laravel/framework/src/Illuminate/Container/Container.php(1187): Illuminate\\Container\\Container->resolveDependencies(Array)
#7 /Users/raphaellouisgabion/Documents/Attendance/Attendance/ccis-attendance-merged/vendor/laravel/framework/src/Illuminate/Container/Container.php(939): Illuminate\\Container\\Container->build('App\\\\Services\\\\At...')
#8 /Users/raphaellouisgabion/Documents/Attendance/Attendance/ccis-attendance-merged/vendor/laravel/framework/src/Illuminate/Foundation/Application.php(1085): Illuminate\\Container\\Container->resolve('App\\\\Services\\\\At...', Array, true)
#9 /Users/raphaellouisgabion/Documents/Attendance/Attendance/ccis-attendance-merged/vendor/laravel/framework/src/Illuminate/Container/Container.php(867): Illuminate\\Foundation\\Application->resolve('App\\\\Services\\\\At...', Array)
#10 /Users/raphaellouisgabion/Documents/Attendance/Attendance/ccis-attendance-merged/vendor/laravel/framework/src/Illuminate/Foundation/Application.php(1065): Illuminate\\Container\\Container->make('App\\\\Services\\\\At...', Array)
#11 /Users/raphaellouisgabion/Documents/Attendance/Attendance/ccis-attendance-merged/vendor/laravel/framework/src/Illuminate/Routing/ResolvesRouteDependencies.php(92): Illuminate\\Foundation\\Application->make('App\\\\Services\\\\At...')
#12 /Users/raphaellouisgabion/Documents/Attendance/Attendance/ccis-attendance-merged/vendor/laravel/framework/src/Illuminate/Routing/ResolvesRouteDependencies.php(51): Illuminate\\Routing\\ControllerDispatcher->transformDependency(Object(ReflectionParameter), Array, Object(stdClass))
#13 /Users/raphaellouisgabion/Documents/Attendance/Attendance/ccis-attendance-merged/vendor/laravel/framework/src/Illuminate/Routing/ResolvesRouteDependencies.php(30): Illuminate\\Routing\\ControllerDispatcher->resolveMethodDependencies(Array, Object(ReflectionMethod))
#14 /Users/raphaellouisgabion/Documents/Attendance/Attendance/ccis-attendance-merged/vendor/laravel/framework/src/Illuminate/Routing/ControllerDispatcher.php(59): Illuminate\\Routing\\ControllerDispatcher->resolveClassMethodDependencies(Array, Object(App\\Http\\Controllers\\Api\\AttendanceController), 'mobileCheckIn')
#15 /Users/raphaellouisgabion/Documents/Attendance/Attendance/ccis-attendance-merged/vendor/laravel/framework/src/Illuminate/Routing/ControllerDispatcher.php(40): Illuminate\\Routing\\ControllerDispatcher->resolveParameters(Object(Illuminate\\Routing\\Route), Object(App\\Http\\Controllers\\Api\\AttendanceController), 'mobileCheckIn')
#16 /Users/raphaellouisgabion/Documents/Attendance/Attendance/ccis-attendance-merged/vendor/laravel/framework/src/Illuminate/Routing/Route.php(276): Illuminate\\Routing\\ControllerDispatcher->dispatch(Object(Illuminate\\Routing\\Route), Object(App\\Http\\Controllers\\Api\\AttendanceController), 'mobileCheckIn')
#17 /Users/raphaellouisgabion/Documents/Attendance/Attendance/ccis-attendance-merged/vendor/laravel/framework/src/Illuminate/Routing/Route.php(216): Illuminate\\Routing\\Route->runController()
#18 /Users/raphaellouisgabion/Documents/Attendance/Attendance/ccis-attendance-merged/vendor/laravel/framework/src/Illuminate/Routing/Router.php(822): Illuminate\\Routing\\Route->run()
#19 /Users/raphaellouisgabion/Documents/Attendance/Attendance/ccis-attendance-merged/vendor/laravel/framework/src/Illuminate/Pipeline/Pipeline.php(180): Illuminate\\Routing\\Router->{closure:Illuminate\\Routing\\Router::runRouteWithinStack():821}(Object(Illuminate\\Http\\Request))
#20 /Users/raphaellouisgabion/Documents/Attendance/Attendance/ccis-attendance-merged/vendor/laravel/framework/src/Illuminate/Routing/Middleware/SubstituteBindings.php(52): Illuminate\\Pipeline\\Pipeline->{closure:Illuminate\\Pipeline\\Pipeline::prepareDestination():178}(Object(Illuminate\\Http\\Request))
#21 /Users/raphaellouisgabion/Documents/Attendance/Attendance/ccis-attendance-merged/vendor/laravel/framework/src/Illuminate/Pipeline/Pipeline.php(219): Illuminate\\Routing\\Middleware\\SubstituteBindings->handle(Object(Illuminate\\Http\\Request), Object(Closure))
#22 /Users/raphaellouisgabion/Documents/Attendance/Attendance/ccis-attendance-merged/vendor/laravel/framework/src/Illuminate/Routing/Middleware/ThrottleRequests.php(168): Illuminate\\Pipeline\\Pipeline->{closure:{closure:Illuminate\\Pipeline\\Pipeline::carry():194}:195}(Object(Illuminate\\Http\\Request))
#23 /Users/raphaellouisgabion/Documents/Attendance/Attendance/ccis-attendance-merged/vendor/laravel/framework/src/Illuminate/Routing/Middleware/ThrottleRequests.php(93): Illuminate\\Routing\\Middleware\\ThrottleRequests->handleRequest(Object(Illuminate\\Http\\Request), Object(Closure), Array)
#24 /Users/raphaellouisgabion/Documents/Attendance/Attendance/ccis-attendance-merged/vendor/laravel/framework/src/Illuminate/Pipeline/Pipeline.php(219): Illuminate\\Routing\\Middleware\\ThrottleRequests->handle(Object(Illuminate\\Http\\Request), Object(Closure), '20', '1')
#25 /Users/raphaellouisgabion/Documents/Attendance/Attendance/ccis-attendance-merged/vendor/laravel/framework/src/Illuminate/Auth/Middleware/Authenticate.php(63): Illuminate\\Pipeline\\Pipeline->{closure:{closure:Illuminate\\Pipeline\\Pipeline::carry():194}:195}(Object(Illuminate\\Http\\Request))
#26 /Users/raphaellouisgabion/Documents/Attendance/Attendance/ccis-attendance-merged/vendor/laravel/framework/src/Illuminate/Pipeline/Pipeline.php(219): Illuminate\\Auth\\Middleware\\Authenticate->handle(Object(Illuminate\\Http\\Request), Object(Closure), 'sanctum')
#27 /Users/raphaellouisgabion/Documents/Attendance/Attendance/ccis-attendance-merged/vendor/laravel/framework/src/Illuminate/Pipeline/Pipeline.php(137): Illuminate\\Pipeline\\Pipeline->{closure:{closure:Illuminate\\Pipeline\\Pipeline::carry():194}:195}(Object(Illuminate\\Http\\Request))
#28 /Users/raphaellouisgabion/Documents/Attendance/Attendance/ccis-attendance-merged/vendor/laravel/framework/src/Illuminate/Routing/Router.php(821): Illuminate\\Pipeline\\Pipeline->then(Object(Closure))
#29 /Users/raphaellouisgabion/Documents/Attendance/Attendance/ccis-attendance-merged/vendor/laravel/framework/src/Illuminate/Routing/Router.php(800): Illuminate\\Routing\\Router->runRouteWithinStack(Object(Illuminate\\Routing\\Route), Object(Illuminate\\Http\\Request))
#30 /Users/raphaellouisgabion/Documents/Attendance/Attendance/ccis-attendance-merged/vendor/laravel/framework/src/Illuminate/Routing/Router.php(764): Illuminate\\Routing\\Router->runRoute(Object(Illuminate\\Http\\Request), Object(Illuminate\\Routing\\Route))
#31 /Users/raphaellouisgabion/Documents/Attendance/Attendance/ccis-attendance-merged/vendor/laravel/framework/src/Illuminate/Routing/Router.php(753): Illuminate\\Routing\\Router->dispatchToRoute(Object(Illuminate\\Http\\Request))
#32 /Users/raphaellouisgabion/Documents/Attendance/Attendance/ccis-attendance-merged/vendor/laravel/framework/src/Illuminate/Foundation/Http/Kernel.php(200): Illuminate\\Routing\\Router->dispatch(Object(Illuminate\\Http\\Request))
#33 /Users/raphaellouisgabion/Documents/Attendance/Attendance/ccis-attendance-merged/vendor/laravel/framework/src/Illuminate/Pipeline/Pipeline.php(180): Illuminate\\Foundation\\Http\\Kernel->{closure:Illuminate\\Foundation\\Http\\Kernel::dispatchToRouter():197}(Object(Illuminate\\Http\\Request))
#34 /Users/raphaellouisgabion/Documents/Attendance/Attendance/ccis-attendance-merged/vendor/inertiajs/inertia-laravel/src/Middleware/EnsureGetOnRedirect.php(19): Illuminate\\Pipeline\\Pipeline->{closure:Illuminate\\Pipeline\\Pipeline::prepareDestination():178}(Object(Illuminate\\Http\\Request))
#35 /Users/raphaellouisgabion/Documents/Attendance/Attendance/ccis-attendance-merged/vendor/laravel/framework/src/Illuminate/Pipeline/Pipeline.php(219): Inertia\\Middleware\\EnsureGetOnRedirect->handle(Object(Illuminate\\Http\\Request), Object(Closure))
#36 /Users/raphaellouisgabion/Documents/Attendance/Attendance/ccis-attendance-merged/vendor/laravel/framework/src/Illuminate/Foundation/Http/Middleware/TransformsRequest.php(21): Illuminate\\Pipeline\\Pipeline->{closure:{closure:Illuminate\\Pipeline\\Pipeline::carry():194}:195}(Object(Illuminate\\Http\\Request))
#37 /Users/raphaellouisgabion/Documents/Attendance/Attendance/ccis-attendance-merged/vendor/laravel/framework/src/Illuminate/Foundation/Http/Middleware/ConvertEmptyStringsToNull.php(31): Illuminate\\Foundation\\Http\\Middleware\\TransformsRequest->handle(Object(Illuminate\\Http\\Request), Object(Closure))
#38 /Users/raphaellouisgabion/Documents/Attendance/Attendance/ccis-attendance-merged/vendor/laravel/framework/src/Illuminate/Pipeline/Pipeline.php(219): Illuminate\\Foundation\\Http\\Middleware\\ConvertEmptyStringsToNull->handle(Object(Illuminate\\Http\\Request), Object(Closure))
#39 /Users/raphaellouisgabion/Documents/Attendance/Attendance/ccis-attendance-merged/vendor/laravel/framework/src/Illuminate/Foundation/Http/Middleware/TransformsRequest.php(21): Illuminate\\Pipeline\\Pipeline->{closure:{closure:Illuminate\\Pipeline\\Pipeline::carry():194}:195}(Object(Illuminate\\Http\\Request))
#40 /Users/raphaellouisgabion/Documents/Attendance/Attendance/ccis-attendance-merged/vendor/laravel/framework/src/Illuminate/Foundation/Http/Middleware/TrimStrings.php(51): Illuminate\\Foundation\\Http\\Middleware\\TransformsRequest->handle(Object(Illuminate\\Http\\Request), Object(Closure))
#41 /Users/raphaellouisgabion/Documents/Attendance/Attendance/ccis-attendance-merged/vendor/laravel/framework/src/Illuminate/Pipeline/Pipeline.php(219): Illuminate\\Foundation\\Http\\Middleware\\TrimStrings->handle(Object(Illuminate\\Http\\Request), Object(Closure))
#42 /Users/raphaellouisgabion/Documents/Attendance/Attendance/ccis-attendance-merged/vendor/laravel/framework/src/Illuminate/Http/Middleware/ValidatePostSize.php(27): Illuminate\\Pipeline\\Pipeline->{closure:{closure:Illuminate\\Pipeline\\Pipeline::carry():194}:195}(Object(Illuminate\\Http\\Request))
#43 /Users/raphaellouisgabion/Documents/Attendance/Attendance/ccis-attendance-merged/vendor/laravel/framework/src/Illuminate/Pipeline/Pipeline.php(219): Illuminate\\Http\\Middleware\\ValidatePostSize->handle(Object(Illuminate\\Http\\Request), Object(Closure))
#44 /Users/raphaellouisgabion/Documents/Attendance/Attendance/ccis-attendance-merged/vendor/laravel/framework/src/Illuminate/Foundation/Http/Middleware/PreventRequestsDuringMaintenance.php(110): Illuminate\\Pipeline\\Pipeline->{closure:{closure:Illuminate\\Pipeline\\Pipeline::carry():194}:195}(Object(Illuminate\\Http\\Request))
#45 /Users/raphaellouisgabion/Documents/Attendance/Attendance/ccis-attendance-merged/vendor/laravel/framework/src/Illuminate/Pipeline/Pipeline.php(219): Illuminate\\Foundation\\Http\\Middleware\\PreventRequestsDuringMaintenance->handle(Object(Illuminate\\Http\\Request), Object(Closure))
#46 /Users/raphaellouisgabion/Documents/Attendance/Attendance/ccis-attendance-merged/vendor/laravel/framework/src/Illuminate/Http/Middleware/HandleCors.php(74): Illuminate\\Pipeline\\Pipeline->{closure:{closure:Illuminate\\Pipeline\\Pipeline::carry():194}:195}(Object(Illuminate\\Http\\Request))
#47 /Users/raphaellouisgabion/Documents/Attendance/Attendance/ccis-attendance-merged/vendor/laravel/framework/src/Illuminate/Pipeline/Pipeline.php(219): Illuminate\\Http\\Middleware\\HandleCors->handle(Object(Illuminate\\Http\\Request), Object(Closure))
#48 /Users/raphaellouisgabion/Documents/Attendance/Attendance/ccis-attendance-merged/vendor/laravel/framework/src/Illuminate/Http/Middleware/TrustProxies.php(58): Illuminate\\Pipeline\\Pipeline->{closure:{closure:Illuminate\\Pipeline\\Pipeline::carry():194}:195}(Object(Illuminate\\Http\\Request))
#49 /Users/raphaellouisgabion/Documents/Attendance/Attendance/ccis-attendance-merged/vendor/laravel/framework/src/Illuminate/Pipeline/Pipeline.php(219): Illuminate\\Http\\Middleware\\TrustProxies->handle(Object(Illuminate\\Http\\Request), Object(Closure))
#50 /Users/raphaellouisgabion/Documents/Attendance/Attendance/ccis-attendance-merged/vendor/laravel/framework/src/Illuminate/Foundation/Http/Middleware/InvokeDeferredCallbacks.php(22): Illuminate\\Pipeline\\Pipeline->{closure:{closure:Illuminate\\Pipeline\\Pipeline::carry():194}:195}(Object(Illuminate\\Http\\Request))
#51 /Users/raphaellouisgabion/Documents/Attendance/Attendance/ccis-attendance-merged/vendor/laravel/framework/src/Illuminate/Pipeline/Pipeline.php(219): Illuminate\\Foundation\\Http\\Middleware\\InvokeDeferredCallbacks->handle(Object(Illuminate\\Http\\Request), Object(Closure))
#52 /Users/raphaellouisgabion/Documents/Attendance/Attendance/ccis-attendance-merged/vendor/laravel/framework/src/Illuminate/Http/Middleware/ValidatePathEncoding.php(28): Illuminate\\Pipeline\\Pipeline->{closure:{closure:Illuminate\\Pipeline\\Pipeline::carry():194}:195}(Object(Illuminate\\Http\\Request))
#53 /Users/raphaellouisgabion/Documents/Attendance/Attendance/ccis-attendance-merged/vendor/laravel/framework/src/Illuminate/Pipeline/Pipeline.php(219): Illuminate\\Http\\Middleware\\ValidatePathEncoding->handle(Object(Illuminate\\Http\\Request), Object(Closure))
#54 /Users/raphaellouisgabion/Documents/Attendance/Attendance/ccis-attendance-merged/vendor/laravel/framework/src/Illuminate/Pipeline/Pipeline.php(137): Illuminate\\Pipeline\\Pipeline->{closure:{closure:Illuminate\\Pipeline\\Pipeline::carry():194}:195}(Object(Illuminate\\Http\\Request))
#55 /Users/raphaellouisgabion/Documents/Attendance/Attendance/ccis-attendance-merged/vendor/laravel/framework/src/Illuminate/Foundation/Http/Kernel.php(175): Illuminate\\Pipeline\\Pipeline->then(Object(Closure))
#56 /Users/raphaellouisgabion/Documents/Attendance/Attendance/ccis-attendance-merged/vendor/laravel/framework/src/Illuminate/Foundation/Http/Kernel.php(144): Illuminate\\Foundation\\Http\\Kernel->sendRequestThroughRouter(Object(Illuminate\\Http\\Request))
#57 /Users/raphaellouisgabion/Documents/Attendance/Attendance/ccis-attendance-merged/vendor/laravel/framework/src/Illuminate/Foundation/Application.php(1227): Illuminate\\Foundation\\Http\\Kernel->handle(Object(Illuminate\\Http\\Request))
#58 /Users/raphaellouisgabion/Documents/Attendance/Attendance/ccis-attendance-merged/public/index.php(20): Illuminate\\Foundation\\Application->handleRequest(Object(Illuminate\\Http\\Request))
#59 /Users/raphaellouisgabion/Documents/Attendance/Attendance/ccis-attendance-merged/vendor/laravel/framework/src/Illuminate/Foundation/resources/server.php(23): require_once('/Users/raphaell...')
#60 {main}

[previous exception] [object] (ReflectionException(code: -1): Class \"App\\Services\\GeofenceService\" does not exist at /Users/raphaellouisgabion/Documents/Attendance/Attendance/ccis-attendance-merged/vendor/laravel/framework/src/Illuminate/Container/Container.php:1147)
[stacktrace]
#0 /Users/raphaellouisgabion/Documents/Attendance/Attendance/ccis-attendance-merged/vendor/laravel/framework/src/Illuminate/Container/Container.php(1147): ReflectionClass->__construct('App\\\\Services\\\\Ge...')
#1 /Users/raphaellouisgabion/Documents/Attendance/Attendance/ccis-attendance-merged/vendor/laravel/framework/src/Illuminate/Container/Container.php(939): Illuminate\\Container\\Container->build('App\\\\Services\\\\Ge...')
#2 /Users/raphaellouisgabion/Documents/Attendance/Attendance/ccis-attendance-merged/vendor/laravel/framework/src/Illuminate/Foundation/Application.php(1085): Illuminate\\Container\\Container->resolve('App\\\\Services\\\\Ge...', Array, true)
#3 /Users/raphaellouisgabion/Documents/Attendance/Attendance/ccis-attendance-merged/vendor/laravel/framework/src/Illuminate/Container/Container.php(867): Illuminate\\Foundation\\Application->resolve('App\\\\Services\\\\Ge...', Array)
#4 /Users/raphaellouisgabion/Documents/Attendance/Attendance/ccis-attendance-merged/vendor/laravel/framework/src/Illuminate/Foundation/Application.php(1065): Illuminate\\Container\\Container->make('App\\\\Services\\\\Ge...', Array)
#5 /Users/raphaellouisgabion/Documents/Attendance/Attendance/ccis-attendance-merged/vendor/laravel/framework/src/Illuminate/Container/Container.php(1361): Illuminate\\Foundation\\Application->make('App\\\\Services\\\\Ge...')
#6 /Users/raphaellouisgabion/Documents/Attendance/Attendance/ccis-attendance-merged/vendor/laravel/framework/src/Illuminate/Container/Container.php(1262): Illuminate\\Container\\Container->resolveClass(Object(ReflectionParameter), 'App\\\\Services\\\\Ge...')
#7 /Users/raphaellouisgabion/Documents/Attendance/Attendance/ccis-attendance-merged/vendor/laravel/framework/src/Illuminate/Container/Container.php(1187): Illuminate\\Container\\Container->resolveDependencies(Array)
#8 /Users/raphaellouisgabion/Documents/Attendance/Attendance/ccis-attendance-merged/vendor/laravel/framework/src/Illuminate/Container/Container.php(939): Illuminate\\Container\\Container->build('App\\\\Services\\\\At...')
#9 /Users/raphaellouisgabion/Documents/Attendance/Attendance/ccis-attendance-merged/vendor/laravel/framework/src/Illuminate/Foundation/Application.php(1085): Illuminate\\Container\\Container->resolve('App\\\\Services\\\\At...', Array, true)
#10 /Users/raphaellouisgabion/Documents/Attendance/Attendance/ccis-attendance-merged/vendor/laravel/framework/src/Illuminate/Container/Container.php(867): Illuminate\\Foundation\\Application->resolve('App\\\\Services\\\\At...', Array)
#11 /Users/raphaellouisgabion/Documents/Attendance/Attendance/ccis-attendance-merged/vendor/laravel/framework/src/Illuminate/Foundation/Application.php(1065): Illuminate\\Container\\Container->make('App\\\\Services\\\\At...', Array)
#12 /Users/raphaellouisgabion/Documents/Attendance/Attendance/ccis-attendance-merged/vendor/laravel/framework/src/Illuminate/Routing/ResolvesRouteDependencies.php(92): Illuminate\\Foundation\\Application->make('App\\\\Services\\\\At...')
#13 /Users/raphaellouisgabion/Documents/Attendance/Attendance/ccis-attendance-merged/vendor/laravel/framework/src/Illuminate/Routing/ResolvesRouteDependencies.php(51): Illuminate\\Routing\\ControllerDispatcher->transformDependency(Object(ReflectionParameter), Array, Object(stdClass))
#14 /Users/raphaellouisgabion/Documents/Attendance/Attendance/ccis-attendance-merged/vendor/laravel/framework/src/Illuminate/Routing/ResolvesRouteDependencies.php(30): Illuminate\\Routing\\ControllerDispatcher->resolveMethodDependencies(Array, Object(ReflectionMethod))
#15 /Users/raphaellouisgabion/Documents/Attendance/Attendance/ccis-attendance-merged/vendor/laravel/framework/src/Illuminate/Routing/ControllerDispatcher.php(59): Illuminate\\Routing\\ControllerDispatcher->resolveClassMethodDependencies(Array, Object(App\\Http\\Controllers\\Api\\AttendanceController), 'mobileCheckIn')
#16 /Users/raphaellouisgabion/Documents/Attendance/Attendance/ccis-attendance-merged/vendor/laravel/framework/src/Illuminate/Routing/ControllerDispatcher.php(40): Illuminate\\Routing\\ControllerDispatcher->resolveParameters(Object(Illuminate\\Routing\\Route), Object(App\\Http\\Controllers\\Api\\AttendanceController), 'mobileCheckIn')
#17 /Users/raphaellouisgabion/Documents/Attendance/Attendance/ccis-attendance-merged/vendor/laravel/framework/src/Illuminate/Routing/Route.php(276): Illuminate\\Routing\\ControllerDispatcher->dispatch(Object(Illuminate\\Routing\\Route), Object(App\\Http\\Controllers\\Api\\AttendanceController), 'mobileCheckIn')
#18 /Users/raphaellouisgabion/Documents/Attendance/Attendance/ccis-attendance-merged/vendor/laravel/framework/src/Illuminate/Routing/Route.php(216): Illuminate\\Routing\\Route->runController()
#19 /Users/raphaellouisgabion/Documents/Attendance/Attendance/ccis-attendance-merged/vendor/laravel/framework/src/Illuminate/Routing/Router.php(822): Illuminate\\Routing\\Route->run()
#20 /Users/raphaellouisgabion/Documents/Attendance/Attendance/ccis-attendance-merged/vendor/laravel/framework/src/Illuminate/Pipeline/Pipeline.php(180): Illuminate\\Routing\\Router->{closure:Illuminate\\Routing\\Router::runRouteWithinStack():821}(Object(Illuminate\\Http\\Request))
#21 /Users/raphaellouisgabion/Documents/Attendance/Attendance/ccis-attendance-merged/vendor/laravel/framework/src/Illuminate/Routing/Middleware/SubstituteBindings.php(52): Illuminate\\Pipeline\\Pipeline->{closure:Illuminate\\Pipeline\\Pipeline::prepareDestination():178}(Object(Illuminate\\Http\\Request))
#22 /Users/raphaellouisgabion/Documents/Attendance/Attendance/ccis-attendance-merged/vendor/laravel/framework/src/Illuminate/Pipeline/Pipeline.php(219): Illuminate\\Routing\\Middleware\\SubstituteBindings->handle(Object(Illuminate\\Http\\Request), Object(Closure))
#23 /Users/raphaellouisgabion/Documents/Attendance/Attendance/ccis-attendance-merged/vendor/laravel/framework/src/Illuminate/Routing/Middleware/ThrottleRequests.php(168): Illuminate\\Pipeline\\Pipeline->{closure:{closure:Illuminate\\Pipeline\\Pipeline::carry():194}:195}(Object(Illuminate\\Http\\Request))
#24 /Users/raphaellouisgabion/Documents/Attendance/Attendance/ccis-attendance-merged/vendor/laravel/framework/src/Illuminate/Routing/Middleware/ThrottleRequests.php(93): Illuminate\\Routing\\Middleware\\ThrottleRequests->handleRequest(Object(Illuminate\\Http\\Request), Object(Closure), Array)
#25 /Users/raphaellouisgabion/Documents/Attendance/Attendance/ccis-attendance-merged/vendor/laravel/framework/src/Illuminate/Pipeline/Pipeline.php(219): Illuminate\\Routing\\Middleware\\ThrottleRequests->handle(Object(Illuminate\\Http\\Request), Object(Closure), '20', '1')
#26 /Users/raphaellouisgabion/Documents/Attendance/Attendance/ccis-attendance-merged/vendor/laravel/framework/src/Illuminate/Auth/Middleware/Authenticate.php(63): Illuminate\\Pipeline\\Pipeline->{closure:{closure:Illuminate\\Pipeline\\Pipeline::carry():194}:195}(Object(Illuminate\\Http\\Request))
#27 /Users/raphaellouisgabion/Documents/Attendance/Attendance/ccis-attendance-merged/vendor/laravel/framework/src/Illuminate/Pipeline/Pipeline.php(219): Illuminate\\Auth\\Middleware\\Authenticate->handle(Object(Illuminate\\Http\\Request), Object(Closure), 'sanctum')
#28 /Users/raphaellouisgabion/Documents/Attendance/Attendance/ccis-attendance-merged/vendor/laravel/framework/src/Illuminate/Pipeline/Pipeline.php(137): Illuminate\\Pipeline\\Pipeline->{closure:{closure:Illuminate\\Pipeline\\Pipeline::carry():194}:195}(Object(Illuminate\\Http\\Request))
#29 /Users/raphaellouisgabion/Documents/Attendance/Attendance/ccis-attendance-merged/vendor/laravel/framework/src/Illuminate/Routing/Router.php(821): Illuminate\\Pipeline\\Pipeline->then(Object(Closure))
#30 /Users/raphaellouisgabion/Documents/Attendance/Attendance/ccis-attendance-merged/vendor/laravel/framework/src/Illuminate/Routing/Router.php(800): Illuminate\\Routing\\Router->runRouteWithinStack(Object(Illuminate\\Routing\\Route), Object(Illuminate\\Http\\Request))
#31 /Users/raphaellouisgabion/Documents/Attendance/Attendance/ccis-attendance-merged/vendor/laravel/framework/src/Illuminate/Routing/Router.php(764): Illuminate\\Routing\\Router->runRoute(Object(Illuminate\\Http\\Request), Object(Illuminate\\Routing\\Route))
#32 /Users/raphaellouisgabion/Documents/Attendance/Attendance/ccis-attendance-merged/vendor/laravel/framework/src/Illuminate/Routing/Router.php(753): Illuminate\\Routing\\Router->dispatchToRoute(Object(Illuminate\\Http\\Request))
#33 /Users/raphaellouisgabion/Documents/Attendance/Attendance/ccis-attendance-merged/vendor/laravel/framework/src/Illuminate/Foundation/Http/Kernel.php(200): Illuminate\\Routing\\Router->dispatch(Object(Illuminate\\Http\\Request))
#34 /Users/raphaellouisgabion/Documents/Attendance/Attendance/ccis-attendance-merged/vendor/laravel/framework/src/Illuminate/Pipeline/Pipeline.php(180): Illuminate\\Foundation\\Http\\Kernel->{closure:Illuminate\\Foundation\\Http\\Kernel::dispatchToRouter():197}(Object(Illuminate\\Http\\Request))
#35 /Users/raphaellouisgabion/Documents/Attendance/Attendance/ccis-attendance-merged/vendor/inertiajs/inertia-laravel/src/Middleware/EnsureGetOnRedirect.php(19): Illuminate\\Pipeline\\Pipeline->{closure:Illuminate\\Pipeline\\Pipeline::prepareDestination():178}(Object(Illuminate\\Http\\Request))
#36 /Users/raphaellouisgabion/Documents/Attendance/Attendance/ccis-attendance-merged/vendor/laravel/framework/src/Illuminate/Pipeline/Pipeline.php(219): Inertia\\Middleware\\EnsureGetOnRedirect->handle(Object(Illuminate\\Http\\Request), Object(Closure))
#37 /Users/raphaellouisgabion/Documents/Attendance/Attendance/ccis-attendance-merged/vendor/laravel/framework/src/Illuminate/Foundation/Http/Middleware/TransformsRequest.php(21): Illuminate\\Pipeline\\Pipeline->{closure:{closure:Illuminate\\Pipeline\\Pipeline::carry():194}:195}(Object(Illuminate\\Http\\Request))
#38 /Users/raphaellouisgabion/Documents/Attendance/Attendance/ccis-attendance-merged/vendor/laravel/framework/src/Illuminate/Foundation/Http/Middleware/ConvertEmptyStringsToNull.php(31): Illuminate\\Foundation\\Http\\Middleware\\TransformsRequest->handle(Object(Illuminate\\Http\\Request), Object(Closure))
#39 /Users/raphaellouisgabion/Documents/Attendance/Attendance/ccis-attendance-merged/vendor/laravel/framework/src/Illuminate/Pipeline/Pipeline.php(219): Illuminate\\Foundation\\Http\\Middleware\\ConvertEmptyStringsToNull->handle(Object(Illuminate\\Http\\Request), Object(Closure))
#40 /Users/raphaellouisgabion/Documents/Attendance/Attendance/ccis-attendance-merged/vendor/laravel/framework/src/Illuminate/Foundation/Http/Middleware/TransformsRequest.php(21): Illuminate\\Pipeline\\Pipeline->{closure:{closure:Illuminate\\Pipeline\\Pipeline::carry():194}:195}(Object(Illuminate\\Http\\Request))
#41 /Users/raphaellouisgabion/Documents/Attendance/Attendance/ccis-attendance-merged/vendor/laravel/framework/src/Illuminate/Foundation/Http/Middleware/TrimStrings.php(51): Illuminate\\Foundation\\Http\\Middleware\\TransformsRequest->handle(Object(Illuminate\\Http\\Request), Object(Closure))
#42 /Users/raphaellouisgabion/Documents/Attendance/Attendance/ccis-attendance-merged/vendor/laravel/framework/src/Illuminate/Pipeline/Pipeline.php(219): Illuminate\\Foundation\\Http\\Middleware\\TrimStrings->handle(Object(Illuminate\\Http\\Request), Object(Closure))
#43 /Users/raphaellouisgabion/Documents/Attendance/Attendance/ccis-attendance-merged/vendor/laravel/framework/src/Illuminate/Http/Middleware/ValidatePostSize.php(27): Illuminate\\Pipeline\\Pipeline->{closure:{closure:Illuminate\\Pipeline\\Pipeline::carry():194}:195}(Object(Illuminate\\Http\\Request))
#44 /Users/raphaellouisgabion/Documents/Attendance/Attendance/ccis-attendance-merged/vendor/laravel/framework/src/Illuminate/Pipeline/Pipeline.php(219): Illuminate\\Http\\Middleware\\ValidatePostSize->handle(Object(Illuminate\\Http\\Request), Object(Closure))
#45 /Users/raphaellouisgabion/Documents/Attendance/Attendance/ccis-attendance-merged/vendor/laravel/framework/src/Illuminate/Foundation/Http/Middleware/PreventRequestsDuringMaintenance.php(110): Illuminate\\Pipeline\\Pipeline->{closure:{closure:Illuminate\\Pipeline\\Pipeline::carry():194}:195}(Object(Illuminate\\Http\\Request))
#46 /Users/raphaellouisgabion/Documents/Attendance/Attendance/ccis-attendance-merged/vendor/laravel/framework/src/Illuminate/Pipeline/Pipeline.php(219): Illuminate\\Foundation\\Http\\Middleware\\PreventRequestsDuringMaintenance->handle(Object(Illuminate\\Http\\Request), Object(Closure))
#47 /Users/raphaellouisgabion/Documents/Attendance/Attendance/ccis-attendance-merged/vendor/laravel/framework/src/Illuminate/Http/Middleware/HandleCors.php(74): Illuminate\\Pipeline\\Pipeline->{closure:{closure:Illuminate\\Pipeline\\Pipeline::carry():194}:195}(Object(Illuminate\\Http\\Request))
#48 /Users/raphaellouisgabion/Documents/Attendance/Attendance/ccis-attendance-merged/vendor/laravel/framework/src/Illuminate/Pipeline/Pipeline.php(219): Illuminate\\Http\\Middleware\\HandleCors->handle(Object(Illuminate\\Http\\Request), Object(Closure))
#49 /Users/raphaellouisgabion/Documents/Attendance/Attendance/ccis-attendance-merged/vendor/laravel/framework/src/Illuminate/Http/Middleware/TrustProxies.php(58): Illuminate\\Pipeline\\Pipeline->{closure:{closure:Illuminate\\Pipeline\\Pipeline::carry():194}:195}(Object(Illuminate\\Http\\Request))
#50 /Users/raphaellouisgabion/Documents/Attendance/Attendance/ccis-attendance-merged/vendor/laravel/framework/src/Illuminate/Pipeline/Pipeline.php(219): Illuminate\\Http\\Middleware\\TrustProxies->handle(Object(Illuminate\\Http\\Request), Object(Closure))
#51 /Users/raphaellouisgabion/Documents/Attendance/Attendance/ccis-attendance-merged/vendor/laravel/framework/src/Illuminate/Foundation/Http/Middleware/InvokeDeferredCallbacks.php(22): Illuminate\\Pipeline\\Pipeline->{closure:{closure:Illuminate\\Pipeline\\Pipeline::carry():194}:195}(Object(Illuminate\\Http\\Request))
#52 /Users/raphaellouisgabion/Documents/Attendance/Attendance/ccis-attendance-merged/vendor/laravel/framework/src/Illuminate/Pipeline/Pipeline.php(219): Illuminate\\Foundation\\Http\\Middleware\\InvokeDeferredCallbacks->handle(Object(Illuminate\\Http\\Request), Object(Closure))
#53 /Users/raphaellouisgabion/Documents/Attendance/Attendance/ccis-attendance-merged/vendor/laravel/framework/src/Illuminate/Http/Middleware/ValidatePathEncoding.php(28): Illuminate\\Pipeline\\Pipeline->{closure:{closure:Illuminate\\Pipeline\\Pipeline::carry():194}:195}(Object(Illuminate\\Http\\Request))
#54 /Users/raphaellouisgabion/Documents/Attendance/Attendance/ccis-attendance-merged/vendor/laravel/framework/src/Illuminate/Pipeline/Pipeline.php(219): Illuminate\\Http\\Middleware\\ValidatePathEncoding->handle(Object(Illuminate\\Http\\Request), Object(Closure))
#55 /Users/raphaellouisgabion/Documents/Attendance/Attendance/ccis-attendance-merged/vendor/laravel/framework/src/Illuminate/Pipeline/Pipeline.php(137): Illuminate\\Pipeline\\Pipeline->{closure:{closure:Illuminate\\Pipeline\\Pipeline::carry():194}:195}(Object(Illuminate\\Http\\Request))
#56 /Users/raphaellouisgabion/Documents/Attendance/Attendance/ccis-attendance-merged/vendor/laravel/framework/src/Illuminate/Foundation/Http/Kernel.php(175): Illuminate\\Pipeline\\Pipeline->then(Object(Closure))
#57 /Users/raphaellouisgabion/Documents/Attendance/Attendance/ccis-attendance-merged/vendor/laravel/framework/src/Illuminate/Foundation/Http/Kernel.php(144): Illuminate\\Foundation\\Http\\Kernel->sendRequestThroughRouter(Object(Illuminate\\Http\\Request))
#58 /Users/raphaellouisgabion/Documents/Attendance/Attendance/ccis-attendance-merged/vendor/laravel/framework/src/Illuminate/Foundation/Application.php(1227): Illuminate\\Foundation\\Http\\Kernel->handle(Object(Illuminate\\Http\\Request))
#59 /Users/raphaellouisgabion/Documents/Attendance/Attendance/ccis-attendance-merged/public/index.php(20): Illuminate\\Foundation\\Application->handleRequest(Object(Illuminate\\Http\\Request))
#60 /Users/raphaellouisgabion/Documents/Attendance/Attendance/ccis-attendance-merged/vendor/laravel/framework/src/Illuminate/Foundation/resources/server.php(23): require_once('/Users/raphaell...')
#61 {main}
"} 
[2026-09-27 00:25:58] local.ERROR: Target class [App\Services\GeofenceService] does not exist. {"userId":8,"exception":"[object] (Illuminate\\Contracts\\Container\\BindingResolutionException(code: 0): Target class [App\\Services\\GeofenceService] does not exist. at /Users/raphaellouisgabion/Documents/Attendance/Attendance/ccis-attendance-merged/vendor/laravel/framework/src/Illuminate/Container/Container.php:1149)
[stacktrace]
#0 /Users/raphaellouisgabion/Documents/Attendance/Attendance/ccis-attendance-merged/vendor/laravel/framework/src/Illuminate/Container/Container.php(939): Illuminate\\Container\\Container->build('App\\\\Services\\\\Ge...')
#1 /Users/raphaellouisgabion/Documents/Attendance/Attendance/ccis-attendance-merged/vendor/laravel/framework/src/Illuminate/Foundation/Application.php(1085): Illuminate\\Container\\Container->resolve('App\\\\Services\\\\Ge...', Array, true)
#2 /Users/raphaellouisgabion/Documents/Attendance/Attendance/ccis-attendance-merged/vendor/laravel/framework/src/Illuminate/Container/Container.php(867): Illuminate\\Foundation\\Application->resolve('App\\\\Services\\\\Ge...', Array)
#3 /Users/raphaellouisgabion/Documents/Attendance/Attendance/ccis-attendance-merged/vendor/laravel/framework/src/Illuminate/Foundation/Application.php(1065): Illuminate\\Container\\Container->make('App\\\\Services\\\\Ge...', Array)
#4 /Users/raphaellouisgabion/Documents/Attendance/Attendance/ccis-attendance-merged/vendor/laravel/framework/src/Illuminate/Container/Container.php(1361): Illuminate\\Foundation\\Application->make('App\\\\Services\\\\Ge...')
#5 /Users/raphaellouisgabion/Documents/Attendance/Attendance/ccis-attendance-merged/vendor/laravel/framework/src/Illuminate/Container/Container.php(1262): Illuminate\\Container\\Container->resolveClass(Object(ReflectionParameter), 'App\\\\Services\\\\Ge...')
#6 /Users/raphaellouisgabion/Documents/Attendance/Attendance/ccis-attendance-merged/vendor/laravel/framework/src/Illuminate/Container/Container.php(1187): Illuminate\\Container\\Container->resolveDependencies(Array)
#7 /Users/raphaellouisgabion/Documents/Attendance/Attendance/ccis-attendance-merged/vendor/laravel/framework/src/Illuminate/Container/Container.php(939): Illuminate\\Container\\Container->build('App\\\\Services\\\\At...')
#8 /Users/raphaellouisgabion/Documents/Attendance/Attendance/ccis-attendance-merged/vendor/laravel/framework/src/Illuminate/Foundation/Application.php(1085): Illuminate\\Container\\Container->resolve('App\\\\Services\\\\At...', Array, true)
#9 /Users/raphaellouisgabion/Documents/Attendance/Attendance/ccis-attendance-merged/vendor/laravel/framework/src/Illuminate/Container/Container.php(867): Illuminate\\Foundation\\Application->resolve('App\\\\Services\\\\At...', Array)
#10 /Users/raphaellouisgabion/Documents/Attendance/Attendance/ccis-attendance-merged/vendor/laravel/framework/src/Illuminate/Foundation/Application.php(1065): Illuminate\\Container\\Container->make('App\\\\Services\\\\At...', Array)
#11 /Users/raphaellouisgabion/Documents/Attendance/Attendance/ccis-attendance-merged/vendor/laravel/framework/src/Illuminate/Routing/ResolvesRouteDependencies.php(92): Illuminate\\Foundation\\Application->make('App\\\\Services\\\\At...')
#12 /Users/raphaellouisgabion/Documents/Attendance/Attendance/ccis-attendance-merged/vendor/laravel/framework/src/Illuminate/Routing/ResolvesRouteDependencies.php(51): Illuminate\\Routing\\ControllerDispatcher->transformDependency(Object(ReflectionParameter), Array, Object(stdClass))
#13 /Users/raphaellouisgabion/Documents/Attendance/Attendance/ccis-attendance-merged/vendor/laravel/framework/src/Illuminate/Routing/ResolvesRouteDependencies.php(30): Illuminate\\Routing\\ControllerDispatcher->resolveMethodDependencies(Array, Object(ReflectionMethod))
#14 /Users/raphaellouisgabion/Documents/Attendance/Attendance/ccis-attendance-merged/vendor/laravel/framework/src/Illuminate/Routing/ControllerDispatcher.php(59): Illuminate\\Routing\\ControllerDispatcher->resolveClassMethodDependencies(Array, Object(App\\Http\\Controllers\\Api\\AttendanceController), 'mobileCheckIn')
#15 /Users/raphaellouisgabion/Documents/Attendance/Attendance/ccis-attendance-merged/vendor/laravel/framework/src/Illuminate/Routing/ControllerDispatcher.php(40): Illuminate\\Routing\\ControllerDispatcher->resolveParameters(Object(Illuminate\\Routing\\Route), Object(App\\Http\\Controllers\\Api\\AttendanceController), 'mobileCheckIn')
#16 /Users/raphaellouisgabion/Documents/Attendance/Attendance/ccis-attendance-merged/vendor/laravel/framework/src/Illuminate/Routing/Route.php(276): Illuminate\\Routing\\ControllerDispatcher->dispatch(Object(Illuminate\\Routing\\Route), Object(App\\Http\\Controllers\\Api\\AttendanceController), 'mobileCheckIn')
#17 /Users/raphaellouisgabion/Documents/Attendance/Attendance/ccis-attendance-merged/vendor/laravel/framework/src/Illuminate/Routing/Route.php(216): Illuminate\\Routing\\Route->runController()
#18 /Users/raphaellouisgabion/Documents/Attendance/Attendance/ccis-attendance-merged/vendor/laravel/framework/src/Illuminate/Routing/Router.php(822): Illuminate\\Routing\\Route->run()
#19 /Users/raphaellouisgabion/Documents/Attendance/Attendance/ccis-attendance-merged/vendor/laravel/framework/src/Illuminate/Pipeline/Pipeline.php(180): Illuminate\\Routing\\Router->{closure:Illuminate\\Routing\\Router::runRouteWithinStack():821}(Object(Illuminate\\Http\\Request))
#20 /Users/raphaellouisgabion/Documents/Attendance/Attendance/ccis-attendance-merged/vendor/laravel/framework/src/Illuminate/Routing/Middleware/SubstituteBindings.php(52): Illuminate\\Pipeline\\Pipeline->{closure:Illuminate\\Pipeline\\Pipeline::prepareDestination():178}(Object(Illuminate\\Http\\Request))
#21 /Users/raphaellouisgabion/Documents/Attendance/Attendance/ccis-attendance-merged/vendor/laravel/framework/src/Illuminate/Pipeline/Pipeline.php(219): Illuminate\\Routing\\Middleware\\SubstituteBindings->handle(Object(Illuminate\\Http\\Request), Object(Closure))
#22 /Users/raphaellouisgabion/Documents/Attendance/Attendance/ccis-attendance-merged/vendor/laravel/framework/src/Illuminate/Routing/Middleware/ThrottleRequests.php(168): Illuminate\\Pipeline\\Pipeline->{closure:{closure:Illuminate\\Pipeline\\Pipeline::carry():194}:195}(Object(Illuminate\\Http\\Request))
#23 /Users/raphaellouisgabion/Documents/Attendance/Attendance/ccis-attendance-merged/vendor/laravel/framework/src/Illuminate/Routing/Middleware/ThrottleRequests.php(93): Illuminate\\Routing\\Middleware\\ThrottleRequests->handleRequest(Object(Illuminate\\Http\\Request), Object(Closure), Array)
#24 /Users/raphaellouisgabion/Documents/Attendance/Attendance/ccis-attendance-merged/vendor/laravel/framework/src/Illuminate/Pipeline/Pipeline.php(219): Illuminate\\Routing\\Middleware\\ThrottleRequests->handle(Object(Illuminate\\Http\\Request), Object(Closure), '20', '1')
#25 /Users/raphaellouisgabion/Documents/Attendance/Attendance/ccis-attendance-merged/vendor/laravel/framework/src/Illuminate/Auth/Middleware/Authenticate.php(63): Illuminate\\Pipeline\\Pipeline->{closure:{closure:Illuminate\\Pipeline\\Pipeline::carry():194}:195}(Object(Illuminate\\Http\\Request))
#26 /Users/raphaellouisgabion/Documents/Attendance/Attendance/ccis-attendance-merged/vendor/laravel/framework/src/Illuminate/Pipeline/Pipeline.php(219): Illuminate\\Auth\\Middleware\\Authenticate->handle(Object(Illuminate\\Http\\Request), Object(Closure), 'sanctum')
#27 /Users/raphaellouisgabion/Documents/Attendance/Attendance/ccis-attendance-merged/vendor/laravel/framework/src/Illuminate/Pipeline/Pipeline.php(137): Illuminate\\Pipeline\\Pipeline->{closure:{closure:Illuminate\\Pipeline\\Pipeline::carry():194}:195}(Object(Illuminate\\Http\\Request))
#28 /Users/raphaellouisgabion/Documents/Attendance/Attendance/ccis-attendance-merged/vendor/laravel/framework/src/Illuminate/Routing/Router.php(821): Illuminate\\Pipeline\\Pipeline->then(Object(Closure))
#29 /Users/raphaellouisgabion/Documents/Attendance/Attendance/ccis-attendance-merged/vendor/laravel/framework/src/Illuminate/Routing/Router.php(800): Illuminate\\Routing\\Router->runRouteWithinStack(Object(Illuminate\\Routing\\Route), Object(Illuminate\\Http\\Request))
#30 /Users/raphaellouisgabion/Documents/Attendance/Attendance/ccis-attendance-merged/vendor/laravel/framework/src/Illuminate/Routing/Router.php(764): Illuminate\\Routing\\Router->runRoute(Object(Illuminate\\Http\\Request), Object(Illuminate\\Routing\\Route))
#31 /Users/raphaellouisgabion/Documents/Attendance/Attendance/ccis-attendance-merged/vendor/laravel/framework/src/Illuminate/Routing/Router.php(753): Illuminate\\Routing\\Router->dispatchToRoute(Object(Illuminate\\Http\\Request))
#32 /Users/raphaellouisgabion/Documents/Attendance/Attendance/ccis-attendance-merged/vendor/laravel/framework/src/Illuminate/Foundation/Http/Kernel.php(200): Illuminate\\Routing\\Router->dispatch(Object(Illuminate\\Http\\Request))
#33 /Users/raphaellouisgabion/Documents/Attendance/Attendance/ccis-attendance-merged/vendor/laravel/framework/src/Illuminate/Pipeline/Pipeline.php(180): Illuminate\\Foundation\\Http\\Kernel->{closure:Illuminate\\Foundation\\Http\\Kernel::dispatchToRouter():197}(Object(Illuminate\\Http\\Request))
#34 /Users/raphaellouisgabion/Documents/Attendance/Attendance/ccis-attendance-merged/vendor/inertiajs/inertia-laravel/src/Middleware/EnsureGetOnRedirect.php(19): Illuminate\\Pipeline\\Pipeline->{closure:Illuminate\\Pipeline\\Pipeline::prepareDestination():178}(Object(Illuminate\\Http\\Request))
#35 /Users/raphaellouisgabion/Documents/Attendance/Attendance/ccis-attendance-merged/vendor/laravel/framework/src/Illuminate/Pipeline/Pipeline.php(219): Inertia\\Middleware\\EnsureGetOnRedirect->handle(Object(Illuminate\\Http\\Request), Object(Closure))
#36 /Users/raphaellouisgabion/Documents/Attendance/Attendance/ccis-attendance-merged/vendor/laravel/framework/src/Illuminate/Foundation/Http/Middleware/TransformsRequest.php(21): Illuminate\\Pipeline\\Pipeline->{closure:{closure:Illuminate\\Pipeline\\Pipeline::carry():194}:195}(Object(Illuminate\\Http\\Request))
#37 /Users/raphaellouisgabion/Documents/Attendance/Attendance/ccis-attendance-merged/vendor/laravel/framework/src/Illuminate/Foundation/Http/Middleware/ConvertEmptyStringsToNull.php(31): Illuminate\\Foundation\\Http\\Middleware\\TransformsRequest->handle(Object(Illuminate\\Http\\Request), Object(Closure))
#38 /Users/raphaellouisgabion/Documents/Attendance/Attendance/ccis-attendance-merged/vendor/laravel/framework/src/Illuminate/Pipeline/Pipeline.php(219): Illuminate\\Foundation\\Http\\Middleware\\ConvertEmptyStringsToNull->handle(Object(Illuminate\\Http\\Request), Object(Closure))
#39 /Users/raphaellouisgabion/Documents/Attendance/Attendance/ccis-attendance-merged/vendor/laravel/framework/src/Illuminate/Foundation/Http/Middleware/TransformsRequest.php(21): Illuminate\\Pipeline\\Pipeline->{closure:{closure:Illuminate\\Pipeline\\Pipeline::carry():194}:195}(Object(Illuminate\\Http\\Request))
#40 /Users/raphaellouisgabion/Documents/Attendance/Attendance/ccis-attendance-merged/vendor/laravel/framework/src/Illuminate/Foundation/Http/Middleware/TrimStrings.php(51): Illuminate\\Foundation\\Http\\Middleware\\TransformsRequest->handle(Object(Illuminate\\Http\\Request), Object(Closure))
#41 /Users/raphaellouisgabion/Documents/Attendance/Attendance/ccis-attendance-merged/vendor/laravel/framework/src/Illuminate/Pipeline/Pipeline.php(219): Illuminate\\Foundation\\Http\\Middleware\\TrimStrings->handle(Object(Illuminate\\Http\\Request), Object(Closure))
#42 /Users/raphaellouisgabion/Documents/Attendance/Attendance/ccis-attendance-merged/vendor/laravel/framework/src/Illuminate/Http/Middleware/ValidatePostSize.php(27): Illuminate\\Pipeline\\Pipeline->{closure:{closure:Illuminate\\Pipeline\\Pipeline::carry():194}:195}(Object(Illuminate\\Http\\Request))
#43 /Users/raphaellouisgabion/Documents/Attendance/Attendance/ccis-attendance-merged/vendor/laravel/framework/src/Illuminate/Pipeline/Pipeline.php(219): Illuminate\\Http\\Middleware\\ValidatePostSize->handle(Object(Illuminate\\Http\\Request), Object(Closure))
#44 /Users/raphaellouisgabion/Documents/Attendance/Attendance/ccis-attendance-merged/vendor/laravel/framework/src/Illuminate/Foundation/Http/Middleware/PreventRequestsDuringMaintenance.php(110): Illuminate\\Pipeline\\Pipeline->{closure:{closure:Illuminate\\Pipeline\\Pipeline::carry():194}:195}(Object(Illuminate\\Http\\Request))
#45 /Users/raphaellouisgabion/Documents/Attendance/Attendance/ccis-attendance-merged/vendor/laravel/framework/src/Illuminate/Pipeline/Pipeline.php(219): Illuminate\\Foundation\\Http\\Middleware\\PreventRequestsDuringMaintenance->handle(Object(Illuminate\\Http\\Request), Object(Closure))
#46 /Users/raphaellouisgabion/Documents/Attendance/Attendance/ccis-attendance-merged/vendor/laravel/framework/src/Illuminate/Http/Middleware/HandleCors.php(74): Illuminate\\Pipeline\\Pipeline->{closure:{closure:Illuminate\\Pipeline\\Pipeline::carry():194}:195}(Object(Illuminate\\Http\\Request))
#47 /Users/raphaellouisgabion/Documents/Attendance/Attendance/ccis-attendance-merged/vendor/laravel/framework/src/Illuminate/Pipeline/Pipeline.php(219): Illuminate\\Http\\Middleware\\HandleCors->handle(Object(Illuminate\\Http\\Request), Object(Closure))
#48 /Users/raphaellouisgabion/Documents/Attendance/Attendance/ccis-attendance-merged/vendor/laravel/framework/src/Illuminate/Http/Middleware/TrustProxies.php(58): Illuminate\\Pipeline\\Pipeline->{closure:{closure:Illuminate\\Pipeline\\Pipeline::carry():194}:195}(Object(Illuminate\\Http\\Request))
#49 /Users/raphaellouisgabion/Documents/Attendance/Attendance/ccis-attendance-merged/vendor/laravel/framework/src/Illuminate/Pipeline/Pipeline.php(219): Illuminate\\Http\\Middleware\\TrustProxies->handle(Object(Illuminate\\Http\\Request), Object(Closure))
#50 /Users/raphaellouisgabion/Documents/Attendance/Attendance/ccis-attendance-merged/vendor/laravel/framework/src/Illuminate/Foundation/Http/Middleware/InvokeDeferredCallbacks.php(22): Illuminate\\Pipeline\\Pipeline->{closure:{closure:Illuminate\\Pipeline\\Pipeline::carry():194}:195}(Object(Illuminate\\Http\\Request))
#51 /Users/raphaellouisgabion/Documents/Attendance/Attendance/ccis-attendance-merged/vendor/laravel/framework/src/Illuminate/Pipeline/Pipeline.php(219): Illuminate\\Foundation\\Http\\Middleware\\InvokeDeferredCallbacks->handle(Object(Illuminate\\Http\\Request), Object(Closure))
#52 /Users/raphaellouisgabion/Documents/Attendance/Attendance/ccis-attendance-merged/vendor/laravel/framework/src/Illuminate/Http/Middleware/ValidatePathEncoding.php(28): Illuminate\\Pipeline\\Pipeline->{closure:{closure:Illuminate\\Pipeline\\Pipeline::carry():194}:195}(Object(Illuminate\\Http\\Request))
#53 /Users/raphaellouisgabion/Documents/Attendance/Attendance/ccis-attendance-merged/vendor/laravel/framework/src/Illuminate/Pipeline/Pipeline.php(219): Illuminate\\Http\\Middleware\\ValidatePathEncoding->handle(Object(Illuminate\\Http\\Request), Object(Closure))
#54 /Users/raphaellouisgabion/Documents/Attendance/Attendance/ccis-attendance-merged/vendor/laravel/framework/src/Illuminate/Pipeline/Pipeline.php(137): Illuminate\\Pipeline\\Pipeline->{closure:{closure:Illuminate\\Pipeline\\Pipeline::carry():194}:195}(Object(Illuminate\\Http\\Request))
#55 /Users/raphaellouisgabion/Documents/Attendance/Attendance/ccis-attendance-merged/vendor/laravel/framework/src/Illuminate/Foundation/Http/Kernel.php(175): Illuminate\\Pipeline\\Pipeline->then(Object(Closure))
#56 /Users/raphaellouisgabion/Documents/Attendance/Attendance/ccis-attendance-merged/vendor/laravel/framework/src/Illuminate/Foundation/Http/Kernel.php(144): Illuminate\\Foundation\\Http\\Kernel->sendRequestThroughRouter(Object(Illuminate\\Http\\Request))
#57 /Users/raphaellouisgabion/Documents/Attendance/Attendance/ccis-attendance-merged/vendor/laravel/framework/src/Illuminate/Foundation/Application.php(1227): Illuminate\\Foundation\\Http\\Kernel->handle(Object(Illuminate\\Http\\Request))
#58 /Users/raphaellouisgabion/Documents/Attendance/Attendance/ccis-attendance-merged/public/index.php(20): Illuminate\\Foundation\\Application->handleRequest(Object(Illuminate\\Http\\Request))
#59 /Users/raphaellouisgabion/Documents/Attendance/Attendance/ccis-attendance-merged/vendor/laravel/framework/src/Illuminate/Foundation/resources/server.php(23): require_once('/Users/raphaell...')
#60 {main}

[previous exception] [object] (ReflectionException(code: -1): Class \"App\\Services\\GeofenceService\" does not exist at /Users/raphaellouisgabion/Documents/Attendance/Attendance/ccis-attendance-merged/vendor/laravel/framework/src/Illuminate/Container/Container.php:1147)
[stacktrace]
#0 /Users/raphaellouisgabion/Documents/Attendance/Attendance/ccis-attendance-merged/vendor/laravel/framework/src/Illuminate/Container/Container.php(1147): ReflectionClass->__construct('App\\\\Services\\\\Ge...')
#1 /Users/raphaellouisgabion/Documents/Attendance/Attendance/ccis-attendance-merged/vendor/laravel/framework/src/Illuminate/Container/Container.php(939): Illuminate\\Container\\Container->build('App\\\\Services\\\\Ge...')
#2 /Users/raphaellouisgabion/Documents/Attendance/Attendance/ccis-attendance-merged/vendor/laravel/framework/src/Illuminate/Foundation/Application.php(1085): Illuminate\\Container\\Container->resolve('App\\\\Services\\\\Ge...', Array, true)
#3 /Users/raphaellouisgabion/Documents/Attendance/Attendance/ccis-attendance-merged/vendor/laravel/framework/src/Illuminate/Container/Container.php(867): Illuminate\\Foundation\\Application->resolve('App\\\\Services\\\\Ge...', Array)
#4 /Users/raphaellouisgabion/Documents/Attendance/Attendance/ccis-attendance-merged/vendor/laravel/framework/src/Illuminate/Foundation/Application.php(1065): Illuminate\\Container\\Container->make('App\\\\Services\\\\Ge...', Array)
#5 /Users/raphaellouisgabion/Documents/Attendance/Attendance/ccis-attendance-merged/vendor/laravel/framework/src/Illuminate/Container/Container.php(1361): Illuminate\\Foundation\\Application->make('App\\\\Services\\\\Ge...')
#6 /Users/raphaellouisgabion/Documents/Attendance/Attendance/ccis-attendance-merged/vendor/laravel/framework/src/Illuminate/Container/Container.php(1262): Illuminate\\Container\\Container->resolveClass(Object(ReflectionParameter), 'App\\\\Services\\\\Ge...')
#7 /Users/raphaellouisgabion/Documents/Attendance/Attendance/ccis-attendance-merged/vendor/laravel/framework/src/Illuminate/Container/Container.php(1187): Illuminate\\Container\\Container->resolveDependencies(Array)
#8 /Users/raphaellouisgabion/Documents/Attendance/Attendance/ccis-attendance-merged/vendor/laravel/framework/src/Illuminate/Container/Container.php(939): Illuminate\\Container\\Container->build('App\\\\Services\\\\At...')
#9 /Users/raphaellouisgabion/Documents/Attendance/Attendance/ccis-attendance-merged/vendor/laravel/framework/src/Illuminate/Foundation/Application.php(1085): Illuminate\\Container\\Container->resolve('App\\\\Services\\\\At...', Array, true)
#10 /Users/raphaellouisgabion/Documents/Attendance/Attendance/ccis-attendance-merged/vendor/laravel/framework/src/Illuminate/Container/Container.php(867): Illuminate\\Foundation\\Application->resolve('App\\\\Services\\\\At...', Array)
#11 /Users/raphaellouisgabion/Documents/Attendance/Attendance/ccis-attendance-merged/vendor/laravel/framework/src/Illuminate/Foundation/Application.php(1065): Illuminate\\Container\\Container->make('App\\\\Services\\\\At...', Array)
#12 /Users/raphaellouisgabion/Documents/Attendance/Attendance/ccis-attendance-merged/vendor/laravel/framework/src/Illuminate/Routing/ResolvesRouteDependencies.php(92): Illuminate\\Foundation\\Application->make('App\\\\Services\\\\At...')
#13 /Users/raphaellouisgabion/Documents/Attendance/Attendance/ccis-attendance-merged/vendor/laravel/framework/src/Illuminate/Routing/ResolvesRouteDependencies.php(51): Illuminate\\Routing\\ControllerDispatcher->transformDependency(Object(ReflectionParameter), Array, Object(stdClass))
#14 /Users/raphaellouisgabion/Documents/Attendance/Attendance/ccis-attendance-merged/vendor/laravel/framework/src/Illuminate/Routing/ResolvesRouteDependencies.php(30): Illuminate\\Routing\\ControllerDispatcher->resolveMethodDependencies(Array, Object(ReflectionMethod))
#15 /Users/raphaellouisgabion/Documents/Attendance/Attendance/ccis-attendance-merged/vendor/laravel/framework/src/Illuminate/Routing/ControllerDispatcher.php(59): Illuminate\\Routing\\ControllerDispatcher->resolveClassMethodDependencies(Array, Object(App\\Http\\Controllers\\Api\\AttendanceController), 'mobileCheckIn')
#16 /Users/raphaellouisgabion/Documents/Attendance/Attendance/ccis-attendance-merged/vendor/laravel/framework/src/Illuminate/Routing/ControllerDispatcher.php(40): Illuminate\\Routing\\ControllerDispatcher->resolveParameters(Object(Illuminate\\Routing\\Route), Object(App\\Http\\Controllers\\Api\\AttendanceController), 'mobileCheckIn')
#17 /Users/raphaellouisgabion/Documents/Attendance/Attendance/ccis-attendance-merged/vendor/laravel/framework/src/Illuminate/Routing/Route.php(276): Illuminate\\Routing\\ControllerDispatcher->dispatch(Object(Illuminate\\Routing\\Route), Object(App\\Http\\Controllers\\Api\\AttendanceController), 'mobileCheckIn')
#18 /Users/raphaellouisgabion/Documents/Attendance/Attendance/ccis-attendance-merged/vendor/laravel/framework/src/Illuminate/Routing/Route.php(216): Illuminate\\Routing\\Route->runController()
#19 /Users/raphaellouisgabion/Documents/Attendance/Attendance/ccis-attendance-merged/vendor/laravel/framework/src/Illuminate/Routing/Router.php(822): Illuminate\\Routing\\Route->run()
#20 /Users/raphaellouisgabion/Documents/Attendance/Attendance/ccis-attendance-merged/vendor/laravel/framework/src/Illuminate/Pipeline/Pipeline.php(180): Illuminate\\Routing\\Router->{closure:Illuminate\\Routing\\Router::runRouteWithinStack():821}(Object(Illuminate\\Http\\Request))
#21 /Users/raphaellouisgabion/Documents/Attendance/Attendance/ccis-attendance-merged/vendor/laravel/framework/src/Illuminate/Routing/Middleware/SubstituteBindings.php(52): Illuminate\\Pipeline\\Pipeline->{closure:Illuminate\\Pipeline\\Pipeline::prepareDestination():178}(Object(Illuminate\\Http\\Request))
#22 /Users/raphaellouisgabion/Documents/Attendance/Attendance/ccis-attendance-merged/vendor/laravel/framework/src/Illuminate/Pipeline/Pipeline.php(219): Illuminate\\Routing\\Middleware\\SubstituteBindings->handle(Object(Illuminate\\Http\\Request), Object(Closure))
#23 /Users/raphaellouisgabion/Documents/Attendance/Attendance/ccis-attendance-merged/vendor/laravel/framework/src/Illuminate/Routing/Middleware/ThrottleRequests.php(168): Illuminate\\Pipeline\\Pipeline->{closure:{closure:Illuminate\\Pipeline\\Pipeline::carry():194}:195}(Object(Illuminate\\Http\\Request))
#24 /Users/raphaellouisgabion/Documents/Attendance/Attendance/ccis-attendance-merged/vendor/laravel/framework/src/Illuminate/Routing/Middleware/ThrottleRequests.php(93): Illuminate\\Routing\\Middleware\\ThrottleRequests->handleRequest(Object(Illuminate\\Http\\Request), Object(Closure), Array)
#25 /Users/raphaellouisgabion/Documents/Attendance/Attendance/ccis-attendance-merged/vendor/laravel/framework/src/Illuminate/Pipeline/Pipeline.php(219): Illuminate\\Routing\\Middleware\\ThrottleRequests->handle(Object(Illuminate\\Http\\Request), Object(Closure), '20', '1')
#26 /Users/raphaellouisgabion/Documents/Attendance/Attendance/ccis-attendance-merged/vendor/laravel/framework/src/Illuminate/Auth/Middleware/Authenticate.php(63): Illuminate\\Pipeline\\Pipeline->{closure:{closure:Illuminate\\Pipeline\\Pipeline::carry():194}:195}(Object(Illuminate\\Http\\Request))
#27 /Users/raphaellouisgabion/Documents/Attendance/Attendance/ccis-attendance-merged/vendor/laravel/framework/src/Illuminate/Pipeline/Pipeline.php(219): Illuminate\\Auth\\Middleware\\Authenticate->handle(Object(Illuminate\\Http\\Request), Object(Closure), 'sanctum')
#28 /Users/raphaellouisgabion/Documents/Attendance/Attendance/ccis-attendance-merged/vendor/laravel/framework/src/Illuminate/Pipeline/Pipeline.php(137): Illuminate\\Pipeline\\Pipeline->{closure:{closure:Illuminate\\Pipeline\\Pipeline::carry():194}:195}(Object(Illuminate\\Http\\Request))
#29 /Users/raphaellouisgabion/Documents/Attendance/Attendance/ccis-attendance-merged/vendor/laravel/framework/src/Illuminate/Routing/Router.php(821): Illuminate\\Pipeline\\Pipeline->then(Object(Closure))
#30 /Users/raphaellouisgabion/Documents/Attendance/Attendance/ccis-attendance-merged/vendor/laravel/framework/src/Illuminate/Routing/Router.php(800): Illuminate\\Routing\\Router->runRouteWithinStack(Object(Illuminate\\Routing\\Route), Object(Illuminate\\Http\\Request))
#31 /Users/raphaellouisgabion/Documents/Attendance/Attendance/ccis-attendance-merged/vendor/laravel/framework/src/Illuminate/Routing/Router.php(764): Illuminate\\Routing\\Router->runRoute(Object(Illuminate\\Http\\Request), Object(Illuminate\\Routing\\Route))
#32 /Users/raphaellouisgabion/Documents/Attendance/Attendance/ccis-attendance-merged/vendor/laravel/framework/src/Illuminate/Routing/Router.php(753): Illuminate\\Routing\\Router->dispatchToRoute(Object(Illuminate\\Http\\Request))
#33 /Users/raphaellouisgabion/Documents/Attendance/Attendance/ccis-attendance-merged/vendor/laravel/framework/src/Illuminate/Foundation/Http/Kernel.php(200): Illuminate\\Routing\\Router->dispatch(Object(Illuminate\\Http\\Request))
#34 /Users/raphaellouisgabion/Documents/Attendance/Attendance/ccis-attendance-merged/vendor/laravel/framework/src/Illuminate/Pipeline/Pipeline.php(180): Illuminate\\Foundation\\Http\\Kernel->{closure:Illuminate\\Foundation\\Http\\Kernel::dispatchToRouter():197}(Object(Illuminate\\Http\\Request))
#35 /Users/raphaellouisgabion/Documents/Attendance/Attendance/ccis-attendance-merged/vendor/inertiajs/inertia-laravel/src/Middleware/EnsureGetOnRedirect.php(19): Illuminate\\Pipeline\\Pipeline->{closure:Illuminate\\Pipeline\\Pipeline::prepareDestination():178}(Object(Illuminate\\Http\\Request))
#36 /Users/raphaellouisgabion/Documents/Attendance/Attendance/ccis-attendance-merged/vendor/laravel/framework/src/Illuminate/Pipeline/Pipeline.php(219): Inertia\\Middleware\\EnsureGetOnRedirect->handle(Object(Illuminate\\Http\\Request), Object(Closure))
#37 /Users/raphaellouisgabion/Documents/Attendance/Attendance/ccis-attendance-merged/vendor/laravel/framework/src/Illuminate/Foundation/Http/Middleware/TransformsRequest.php(21): Illuminate\\Pipeline\\Pipeline->{closure:{closure:Illuminate\\Pipeline\\Pipeline::carry():194}:195}(Object(Illuminate\\Http\\Request))
#38 /Users/raphaellouisgabion/Documents/Attendance/Attendance/ccis-attendance-merged/vendor/laravel/framework/src/Illuminate/Foundation/Http/Middleware/ConvertEmptyStringsToNull.php(31): Illuminate\\Foundation\\Http\\Middleware\\TransformsRequest->handle(Object(Illuminate\\Http\\Request), Object(Closure))
#39 /Users/raphaellouisgabion/Documents/Attendance/Attendance/ccis-attendance-merged/vendor/laravel/framework/src/Illuminate/Pipeline/Pipeline.php(219): Illuminate\\Foundation\\Http\\Middleware\\ConvertEmptyStringsToNull->handle(Object(Illuminate\\Http\\Request), Object(Closure))
#40 /Users/raphaellouisgabion/Documents/Attendance/Attendance/ccis-attendance-merged/vendor/laravel/framework/src/Illuminate/Foundation/Http/Middleware/TransformsRequest.php(21): Illuminate\\Pipeline\\Pipeline->{closure:{closure:Illuminate\\Pipeline\\Pipeline::carry():194}:195}(Object(Illuminate\\Http\\Request))
#41 /Users/raphaellouisgabion/Documents/Attendance/Attendance/ccis-attendance-merged/vendor/laravel/framework/src/Illuminate/Foundation/Http/Middleware/TrimStrings.php(51): Illuminate\\Foundation\\Http\\Middleware\\TransformsRequest->handle(Object(Illuminate\\Http\\Request), Object(Closure))
#42 /Users/raphaellouisgabion/Documents/Attendance/Attendance/ccis-attendance-merged/vendor/laravel/framework/src/Illuminate/Pipeline/Pipeline.php(219): Illuminate\\Foundation\\Http\\Middleware\\TrimStrings->handle(Object(Illuminate\\Http\\Request), Object(Closure))
#43 /Users/raphaellouisgabion/Documents/Attendance/Attendance/ccis-attendance-merged/vendor/laravel/framework/src/Illuminate/Http/Middleware/ValidatePostSize.php(27): Illuminate\\Pipeline\\Pipeline->{closure:{closure:Illuminate\\Pipeline\\Pipeline::carry():194}:195}(Object(Illuminate\\Http\\Request))
#44 /Users/raphaellouisgabion/Documents/Attendance/Attendance/ccis-attendance-merged/vendor/laravel/framework/src/Illuminate/Pipeline/Pipeline.php(219): Illuminate\\Http\\Middleware\\ValidatePostSize->handle(Object(Illuminate\\Http\\Request), Object(Closure))
#45 /Users/raphaellouisgabion/Documents/Attendance/Attendance/ccis-attendance-merged/vendor/laravel/framework/src/Illuminate/Foundation/Http/Middleware/PreventRequestsDuringMaintenance.php(110): Illuminate\\Pipeline\\Pipeline->{closure:{closure:Illuminate\\Pipeline\\Pipeline::carry():194}:195}(Object(Illuminate\\Http\\Request))
#46 /Users/raphaellouisgabion/Documents/Attendance/Attendance/ccis-attendance-merged/vendor/laravel/framework/src/Illuminate/Pipeline/Pipeline.php(219): Illuminate\\Foundation\\Http\\Middleware\\PreventRequestsDuringMaintenance->handle(Object(Illuminate\\Http\\Request), Object(Closure))
#47 /Users/raphaellouisgabion/Documents/Attendance/Attendance/ccis-attendance-merged/vendor/laravel/framework/src/Illuminate/Http/Middleware/HandleCors.php(74): Illuminate\\Pipeline\\Pipeline->{closure:{closure:Illuminate\\Pipeline\\Pipeline::carry():194}:195}(Object(Illuminate\\Http\\Request))
#48 /Users/raphaellouisgabion/Documents/Attendance/Attendance/ccis-attendance-merged/vendor/laravel/framework/src/Illuminate/Pipeline/Pipeline.php(219): Illuminate\\Http\\Middleware\\HandleCors->handle(Object(Illuminate\\Http\\Request), Object(Closure))
#49 /Users/raphaellouisgabion/Documents/Attendance/Attendance/ccis-attendance-merged/vendor/laravel/framework/src/Illuminate/Http/Middleware/TrustProxies.php(58): Illuminate\\Pipeline\\Pipeline->{closure:{closure:Illuminate\\Pipeline\\Pipeline::carry():194}:195}(Object(Illuminate\\Http\\Request))
#50 /Users/raphaellouisgabion/Documents/Attendance/Attendance/ccis-attendance-merged/vendor/laravel/framework/src/Illuminate/Pipeline/Pipeline.php(219): Illuminate\\Http\\Middleware\\TrustProxies->handle(Object(Illuminate\\Http\\Request), Object(Closure))
#51 /Users/raphaellouisgabion/Documents/Attendance/Attendance/ccis-attendance-merged/vendor/laravel/framework/src/Illuminate/Foundation/Http/Middleware/InvokeDeferredCallbacks.php(22): Illuminate\\Pipeline\\Pipeline->{closure:{closure:Illuminate\\Pipeline\\Pipeline::carry():194}:195}(Object(Illuminate\\Http\\Request))
#52 /Users/raphaellouisgabion/Documents/Attendance/Attendance/ccis-attendance-merged/vendor/laravel/framework/src/Illuminate/Pipeline/Pipeline.php(219): Illuminate\\Foundation\\Http\\Middleware\\InvokeDeferredCallbacks->handle(Object(Illuminate\\Http\\Request), Object(Closure))
#53 /Users/raphaellouisgabion/Documents/Attendance/Attendance/ccis-attendance-merged/vendor/laravel/framework/src/Illuminate/Http/Middleware/ValidatePathEncoding.php(28): Illuminate\\Pipeline\\Pipeline->{closure:{closure:Illuminate\\Pipeline\\Pipeline::carry():194}:195}(Object(Illuminate\\Http\\Request))
#54 /Users/raphaellouisgabion/Documents/Attendance/Attendance/ccis-attendance-merged/vendor/laravel/framework/src/Illuminate/Pipeline/Pipeline.php(219): Illuminate\\Http\\Middleware\\ValidatePathEncoding->handle(Object(Illuminate\\Http\\Request), Object(Closure))
#55 /Users/raphaellouisgabion/Documents/Attendance/Attendance/ccis-attendance-merged/vendor/laravel/framework/src/Illuminate/Pipeline/Pipeline.php(137): Illuminate\\Pipeline\\Pipeline->{closure:{closure:Illuminate\\Pipeline\\Pipeline::carry():194}:195}(Object(Illuminate\\Http\\Request))
#56 /Users/raphaellouisgabion/Documents/Attendance/Attendance/ccis-attendance-merged/vendor/laravel/framework/src/Illuminate/Foundation/Http/Kernel.php(175): Illuminate\\Pipeline\\Pipeline->then(Object(Closure))
#57 /Users/raphaellouisgabion/Documents/Attendance/Attendance/ccis-attendance-merged/vendor/laravel/framework/src/Illuminate/Foundation/Http/Kernel.php(144): Illuminate\\Foundation\\Http\\Kernel->sendRequestThroughRouter(Object(Illuminate\\Http\\Request))
#58 /Users/raphaellouisgabion/Documents/Attendance/Attendance/ccis-attendance-merged/vendor/laravel/framework/src/Illuminate/Foundation/Application.php(1227): Illuminate\\Foundation\\Http\\Kernel->handle(Object(Illuminate\\Http\\Request))
#59 /Users/raphaellouisgabion/Documents/Attendance/Attendance/ccis-attendance-merged/public/index.php(20): Illuminate\\Foundation\\Application->handleRequest(Object(Illuminate\\Http\\Request))
#60 /Users/raphaellouisgabion/Documents/Attendance/Attendance/ccis-attendance-merged/vendor/laravel/framework/src/Illuminate/Foundation/resources/server.php(23): require_once('/Users/raphaell...')
#61 {main}
"} 
